cell_id,population,gene_0,gene_1,gene_2,gene_3,gene_4,gene_5
0,pop_0,3.6977853615950997,2.97241266533254,2.516669623812674,2.7492137228852362,2.8145286851779505,2.5144883120091213
1,pop_0,3.2003129605682172,2.826524153087723,2.906355580148615,2.503579712185753,2.583197716196378,3.217600549123408
2,pop_0,4.207810330777161,3.19909455623217,3.3997807141394967,2.888193737799275,2.932922174501414,2.973409512833578
3,pop_0,2.911363772368772,3.8688448248278755,3.230075173792195,2.614980051502238,2.9192368912417783,2.4997289645969065
4,pop_0,3.020789422877132,3.4809943560779057,2.8643061149118414,2.8726036136676245,2.723925828896485,2.4165822976859808
5,pop_0,4.009359479538343,2.0031163780986896,2.6899251324448943,3.2803230067125817,2.61594447281544,2.803118613996182
6,pop_0,3.149814042171867,2.6733287963768655,2.8045607483230235,2.8238062557310326,3.0219585570636633,2.8860020770802928
7,pop_0,3.238678203719758,3.4495493810419395,2.8680231850633064,2.8275841016014898,2.579526663953332,2.490258757453105
8,pop_0,3.0074175572597066,2.922439657123729,3.098057594132443,2.0123295209728593,3.3676695637364955,2.582583293453248
9,pop_0,3.684492117321431,2.540388401627242,2.852989688627601,2.8500735507484296,2.4052330933508337,3.186300377439987
10,pop_0,3.8411731697970937,1.971925686680001,3.7439338888496807,2.777468272385502,3.5935334762586457,3.492050976704836
11,pop_0,3.8305694973463287,3.7514301670860695,2.715152891036467,3.470820918512075,2.703362571347681,2.8485002101916357
12,pop_0,3.2967932041104397,2.5193136926019424,2.816945817268691,2.998885861566246,3.6608364890879725,2.7543723932104514
13,pop_0,3.0217965812031093,2.4173825601319137,3.412311586072287,3.4652889235332145,3.3517473295872557,2.500737659676544
14,pop_0,2.907038067300175,2.8851755303868036,2.523150366316831,2.5551858640036347,3.1923421124881926,2.954969677674612
15,pop_0,3.7847348299061627,3.151237570274929,3.107702997729791,2.448244318660228,3.030045078916756,2.2155740259186345
16,pop_0,3.8113901788778186,2.440283155771127,2.6706301109110835,2.834825460839006,2.2117238092659632,3.2676549520627596
17,pop_0,3.2968857537575755,2.7194362632737152,2.6143203173214964,3.5115510794000735,3.418375354766469,3.0737971166871794
18,pop_0,3.7312492656500975,1.270631893354441,3.0944314378887277,2.867140262495689,3.2642412588372567,2.8340093417405345
19,pop_0,3.6903222933800173,2.314530226862331,3.5305553385746085,2.5617618807249265,2.335966711924631,2.2635879368581495
20,pop_0,4.274798496232635,2.629400014215735,3.4035210897203814,2.5178045875898234,3.3444953801595085,2.626430594675362
21,pop_0,2.9902102674783544,2.470410827919818,2.8649975278340185,2.7485060982861653,2.860753217568888,2.458636918315924
22,pop_0,4.160020472387189,2.935269357636836,2.746702600093996,3.2005811253592786,2.8988560677348607,2.765255124093662
23,pop_0,3.383952600819156,2.6352871608861155,2.829290457217146,2.049592916629803,3.209157395521366,2.0567538554300318
24,pop_0,3.4008809594046454,3.092369104629584,2.8535726061844446,3.3431925333286934,3.252506521293635,3.296776187707001
25,pop_0,3.5530737344137875,2.5373553827330526,3.384871540281601,2.68639105019185,3.0033332416333947,3.2046762271453324
26,pop_0,3.648243652897476,2.065811689323629,3.409976638231459,2.5338053473694706,2.948370046194046,2.9202793013436557
27,pop_0,3.629898643022379,2.0533472552384158,2.988905622937397,2.626642927901269,2.97717352090355,2.029371630570259
28,pop_0,3.3392099181918855,2.1917550999966333,2.488342865230585,2.5065176608634436,2.7415595836096007,2.771509457426303
29,pop_0,3.202870030886649,3.5043816562552714,3.9041948820672516,2.9664026956490046,3.031819854831802,3.0107640079623126
30,pop_0,3.7397875096875404,2.818932731471029,2.7013367545609532,2.63943121170119,2.9099725760322994,3.166369434670624
31,pop_0,4.196174365192291,3.0832068774677657,2.659336538439757,2.835534187179124,2.5385339230431696,2.6765222879087625
32,pop_0,2.881637584300005,2.607050676457677,2.6541796579641566,3.454670642182924,3.6743199064274714,2.0841710502425808
33,pop_0,3.9972849445997856,2.095925925530187,2.708603798438211,2.6800258023880237,2.948961799101862,3.2547327511450104
34,pop_0,4.032910320365167,2.360198866442864,3.2371751543510765,2.7791332630547783,3.2289210567008944,3.149539983533249
35,pop_0,3.843645174138132,2.6539527480965277,3.25221416887961,3.598235455197407,2.4115547546532725,3.010564162267771
36,pop_0,3.12436555646064,3.00592065779926,3.021180972589736,2.863364957756291,2.2256269029681586,2.915689147997096
37,pop_0,3.0417969721288354,2.116721678821075,3.136359629058743,3.05053899762849,3.8676584453003655,2.2293564729806534
38,pop_0,3.324075706169805,3.621002211705797,3.110162913903707,2.7119266099957193,2.801479771219635,3.249522908637021
39,pop_0,3.6722182904810876,2.4910812954211057,3.221452127149167,1.9450999104160083,3.5092527635206374,2.2633523730528915
40,pop_0,3.06214387233919,3.390090521399499,3.0257260412811866,1.9689345232188893,2.498311375196576,3.150967163546078
41,pop_0,3.6276048279646886,3.015687719087225,3.662246847473089,3.290535187332218,3.6508042310855724,2.356645887512188
42,pop_0,3.502826575469418,3.197219008369729,2.8760572342307817,3.021370533220791,3.102167401730454,2.60457560818512
43,pop_0,2.9049362916518637,2.79258419960729,3.3922564121515046,2.7637640693148335,3.1379971685568373,3.061558284676014
44,pop_0,3.6638742644399467,3.366501855025033,2.910733717474288,3.154394075924748,2.5102591359565203,2.047312039213554
45,pop_0,2.2058614292640364,3.0218972909852195,2.6365074974807703,3.2536069373497676,3.8148989722349125,2.9089618140517395
46,pop_0,2.98785615937518,2.9831027973925353,2.770496159838333,2.401225430158997,2.6129670981513127,2.8362467110805354
47,pop_0,3.9513388905476536,1.9116917087875804,3.235504263895333,1.9529070850709869,3.498368584968562,2.641642356771544
48,pop_0,2.7692051571413683,2.826507602583389,3.0733867948168796,3.141103371766609,2.7067760396971376,3.47871286519115
49,pop_0,3.5496315360660518,2.4316717269801145,3.107800896680632,2.652454042990613,3.9315008584840765,3.3031970923209815
50,pop_0,3.2326788915503815,3.6256516432443426,2.651422276336817,2.727898380432618,3.2553308941832872,2.939401991149902
51,pop_0,3.910969873947101,2.754452487252559,3.0589428243813686,3.812779298339695,3.339181313493421,2.2810237664886515
52,pop_0,2.932016248910308,2.9819034540914027,2.7048828572217336,2.726755709011901,3.3253968661115305,3.453433861989541
53,pop_0,3.198278695804618,2.880280214593042,2.404264885573626,2.8261119357678393,3.267631508829747,2.1954378745735084
54,pop_0,2.863617391193279,2.9815378135788624,3.228856896254663,2.8055933868085905,3.214998347482077,1.2235836020378332
55,pop_0,3.3783938642264544,2.9770636420649743,2.772249872007114,2.8573229694042945,2.8468744229929546,3.00667485114077
56,pop_0,3.620968060466923,3.130627481396897,3.7440724880363216,2.7726742188949474,3.101658298480758,3.153270520909426
57,pop_0,3.377713629475709,3.7396381149077222,2.8022166899829553,1.4323753151259095,3.7434736769255883,3.3079535328873213
58,pop_0,2.4980056321008863,3.334915535856632,3.0109319010541125,2.9761024406582517,2.929617151952456,1.836084604497399
59,pop_0,3.5627731512880096,2.432298267728412,2.5916351038169263,3.6507759306870895,3.146864967449251,3.2227766933644175
60,pop_0,2.9656574384105365,2.2396205162079608,3.016364529531224,2.320272279904133,3.6525625087734785,2.140866469604617
61,pop_0,2.808467494933287,3.5864035703497072,2.8841517296504895,2.635076973986571,2.7982876597189943,3.2111248834456974
62,pop_0,3.1262744500942117,2.9434917339264417,3.404563894634048,2.3541820862436746,3.7955006165210934,3.441343667386213
63,pop_0,3.8407533736628716,2.3348286547011257,3.073402716121887,3.3699485499086856,3.398428333014826,2.9527213410830675
64,pop_0,3.5590511442639268,2.943838409699871,2.4259402455207484,2.6120406206317184,2.884367029996248,3.2394067304167704
65,pop_0,3.179610921986911,2.752517259241916,3.255733507826603,2.492675206437802,3.094984056216932,2.691857968616859
66,pop_0,3.1655947807133806,2.905814606327028,2.4835119940096146,3.616836783081926,3.058055753047615,2.971069184629949
67,pop_0,3.1489621466513724,3.006499378420765,2.6498661626281166,2.677596870859986,3.8096787462708055,2.8993163694063804
68,pop_0,3.6430711739447537,2.49874021616787,3.526866760410582,3.1694761016901287,2.823811681855912,2.499030580787668
69,pop_0,4.174067780590167,2.9285901831580596,2.832095935154563,2.513546257250257,2.433953770787463,2.5420453386745456
70,pop_0,4.138762892046512,3.260354680277847,2.9773756607215396,2.080073315075545,3.0808383752957043,3.0676319449477942
71,pop_0,3.627943732791801,2.648828047778499,3.3273008340377084,2.2277598265677754,3.733292698937096,2.4280900500935014
72,pop_0,2.5668541984023676,2.9185813345072553,3.8717481536233995,2.9574846573998763,2.918141198417168,2.0121398872622156
73,pop_0,3.15607613879141,3.0071054183961774,2.051318003679194,1.284638038242095,3.4915080542687873,2.9834751398996495
74,pop_0,3.425624565010146,2.6264439346241875,3.462376128308129,3.3767885391791617,2.5016914348516917,3.082766466461796
75,pop_0,2.5175538906766644,3.5927122925508583,3.306754446574454,2.7242239970146023,3.17569931233166,2.1751327622017556
76,pop_0,2.5539716814258315,2.9270685446829936,3.7152397464177063,2.1259648308271926,3.566626407131085,2.2260363693905023
77,pop_0,2.67552243444399,2.1367469791907276,3.6212749425501003,2.951801115069731,3.5989156144670797,2.692980229774816
78,pop_0,3.0888929327050714,2.5474674530915133,3.707011796685082,2.90451778682024,3.93648836272893,2.5544586790110264
79,pop_0,4.1181684035239225,3.0916237478882,3.1560795267196116,2.3773291920117576,3.0866978934028193,2.4467235435533357
80,pop_0,2.8805676072692656,2.563471194786359,3.160322251168005,2.4398838064484374,2.5795138654847785,3.3907751134208532
81,pop_0,3.428198080677437,3.5989790053753485,2.868778044023109,3.2029921057638497,4.25578868207896,2.9659030259714347
82,pop_0,3.3500365658102953,2.9529148971036796,3.479532784376061,2.122905662275615,3.1318853623502236,3.4357965543251043
83,pop_0,3.9012441405904403,3.0044786934836014,2.524609590751085,3.2085997115425897,2.9589680567433025,3.890144475283743
84,pop_0,3.6433222958403295,2.444026232310245,2.76361709235952,2.885119406383654,3.679172059442764,2.7479537386686146
85,pop_0,4.0782541168469955,2.3795312207545445,2.8247186137469966,2.7456719218593273,3.3654374428166838,3.094791061052236
86,pop_0,3.7279058047913067,3.675009767651778,3.4822165663809415,2.6466824026472833,2.5675422465684794,3.133573451124407
87,pop_0,2.9995007144586157,2.2385157935266835,3.3435426829811505,2.2821684223712717,2.982146686378648,2.4574990258827083
88,pop_0,3.4665462126032125,2.303895079743418,2.91197247670001,2.4590499316200747,3.4617371165636173,2.7757853510033152
89,pop_0,3.496007884578906,3.3559452028878423,3.2793504000148554,3.0852907443911635,2.8259714681135746,3.1076200987779266
90,pop_0,4.018901732918428,2.794004704003001,2.9491731218809845,3.054696828298259,3.09532161176146,2.9879680598775695
91,pop_0,3.2058102962576456,2.8497134380379325,3.7718754419926546,2.8653890539176516,3.134916574316077,3.190165472938814
92,pop_0,2.829157212937549,2.2513598397250707,4.056132994223975,2.3959948257967203,3.2040142992944727,4.50373645108643
93,pop_0,3.9498160984184674,2.7967286411174053,2.5436551614787515,2.4251985015617743,3.006540698936473,2.0496642083400554
94,pop_0,3.259820241481464,2.295819633509123,2.435669537748696,2.2875767528205624,3.385024357045518,2.6902980091494295
95,pop_0,3.341276529058298,2.430124700771273,2.9706116547603467,3.162610954261324,4.068692237407162,1.7417317521012408
96,pop_0,3.4004882279582254,2.711743354321611,2.4674525374504777,2.563807944428708,3.35664117269722,3.7175304690818263
97,pop_0,3.2307819177811203,3.3113257166089722,3.4301699674121835,2.391072015550399,3.459189893789079,2.2844688357896388
98,pop_0,3.0510933000405602,2.654818162345006,3.1735681932222266,2.8214259824323595,3.3660663552922165,3.277389107019574
99,pop_0,3.97984375058267,3.0262619066114897,3.399235982982256,2.678413115728565,3.8187971070908318,2.463168198462114
100,pop_0,2.993569017784999,2.618768920168518,3.1205822507802905,2.5515568439921643,3.2692319176748255,2.5830574586006763
101,pop_0,3.206877835696604,2.0395626249447796,3.7903262939255753,3.1570391033693013,3.6302755134831233,3.206274624383381
102,pop_0,3.0806446574203803,2.7602229154813687,3.015661786552946,2.318730666231608,2.8418721008238346,2.653445024208659
103,pop_0,3.614344390626375,3.120700813304986,3.0807349111626783,2.2220389656307606,3.499594018418004,3.5267519915565027
104,pop_0,2.936747923694662,2.9523949027755303,3.4931274769689233,3.059020258636503,3.4774073990439853,2.9252036176777922
105,pop_0,3.4608887312080596,2.782666547048738,3.0367965408987314,3.1568479662080082,2.7497720968273067,2.986199723309113
106,pop_0,3.0187115148018626,2.857668588385936,3.4659565881090213,3.071305563107581,2.981479976794819,3.3327005541899544
107,pop_0,3.1118024346377835,3.319013194209188,3.132485604652422,2.330946288553159,2.8550373962291866,2.913236820589298
108,pop_0,4.388445842905035,3.607212584154377,2.9699841692300466,2.9503099380530715,3.1111793986260237,2.99958399352726
109,pop_0,3.3988661944982654,2.3120054868163398,3.017869164081428,2.8143407279980988,3.0089149951777614,3.00829780119678
110,pop_0,3.3519811413187184,2.8687764392786144,3.1130130526640034,2.9204105391134174,2.657432932078531,3.4955220521405987
111,pop_0,3.570734048366743,3.5202427065543325,3.338466815783352,2.4453693484112993,2.483268625840968,3.102792871478589
112,pop_0,3.9034745040582837,3.555555419313243,3.9815302638871173,3.6795108952905213,3.6282590678691253,3.3268051638414167
113,pop_0,3.7296765212221823,3.521930305348423,2.7744811004408403,2.9573303056396325,2.3952317701369923,2.4515897712706503
114,pop_0,3.2593919406668985,2.8567377421518545,2.638711706719685,2.696273675875541,2.937789329889346,3.0262058234407188
115,pop_0,3.3963352633346253,3.266813913864667,3.844815888382365,2.257609569832452,3.2351447364109194,2.415620972309949
116,pop_0,3.441362723538243,2.4326002509650873,2.836158101594136,3.245915466511167,2.946070798226199,3.107220108247237
117,pop_0,3.837025444710889,2.764903612453241,3.4168890371296756,3.80828390526715,2.381211347892781,2.806561093547835
118,pop_0,4.004800908836716,2.2873557498355135,3.9394022276447083,2.375820755910511,2.3988735366655116,2.6714474223526663
119,pop_0,2.849427435684597,3.119419352841935,3.236554954095834,2.4610958197604864,2.8834195167704126,3.3541062022954424
120,pop_0,3.893514215461398,3.214390264564718,3.025342144768996,2.620934426748022,3.1427151086948677,3.655934655686837
121,pop_0,3.528466200552562,2.5587414367378924,3.66512234514204,2.415830726181484,3.1589686892037525,2.98772745065946
122,pop_0,3.301755117349155,2.574519717301657,3.102545424606642,3.2991743153566873,3.4046082994673377,2.713675204498704
123,pop_0,4.037586988854917,3.045257990283672,2.7143625969904166,2.5233242099263453,1.9041473205012365,2.9018496252746826
124,pop_0,2.9534517396588136,3.2876371241870332,2.7733812446333137,1.8721192420210142,3.250565830673924,2.9628077514169164
125,pop_0,3.2934693948486102,3.169030262489415,3.3057491350952737,2.2185682819767862,2.1920823496621917,3.864032823316179
126,pop_0,3.176219686902553,2.09103802161035,3.0136745784609467,2.7602391249535674,3.0652255202405025,2.444128801996419
127,pop_0,2.9085123644099715,2.536526468486608,2.3074105721192866,2.508570499613178,2.4801348758017747,2.622001946939388
128,pop_0,3.1011015585002704,2.8213579898329466,3.604452598746235,3.2437683644446764,3.15870461182497,3.2443582447135255
129,pop_0,3.649420320236217,2.67121779603202,3.919938504915695,2.9824436062251527,3.781951802156311,3.557100906678253
130,pop_0,3.419373889060809,2.164287383541143,2.931327525163159,2.9763944856780826,3.235541025878953,3.125910801897253
131,pop_0,2.8829616960412796,3.7278151466614946,3.2513233521338942,3.394903754291759,3.0461807705750568,2.6319524018942086
132,pop_0,3.7268636113433473,2.193885767780669,3.604753322360121,2.295554784474599,3.1035590674326223,2.8522411817205704
133,pop_0,2.9808715428427908,3.3362172717545087,2.9547790510868093,2.6172993101594337,2.5363427447252804,2.7104308162829285
134,pop_0,3.0523655163579337,3.246618780011606,3.579514517662421,2.746187556947051,2.668990641896727,2.180106812230455
135,pop_0,3.279297395838659,2.9300771492564905,2.97115569178169,3.217429406252199,3.9684838233665665,1.6310937686262277
136,pop_0,3.5726960800836345,3.060160114701916,2.3221555867444743,3.399385109903893,3.320790274204499,2.574665860936647
137,pop_0,3.7383003545543922,2.798080198812841,3.564127735128113,2.4504926534273133,2.361178570589713,3.8947778255334295
138,pop_0,3.706492506635675,2.850414736568492,2.9471448611959357,2.958963889690497,3.1488388687555737,2.910198432616249
139,pop_0,3.0428101846688573,2.6421737035556636,2.883497247552314,3.6221780983895187,3.285088466575501,3.021542722647046
140,pop_0,3.0196142749505173,2.9613100472614495,3.2610234136720315,2.9845904623494954,3.9405578243627657,2.4005786846707884
141,pop_0,2.9581450912737286,3.1986544032518673,3.8002670023597327,2.805099094270751,2.770116313324364,3.172706938284323
142,pop_0,3.1800058511602187,2.39311867651728,2.8742379183568554,3.0674802043166207,3.4519957684380937,3.380665975473188
143,pop_0,3.0328692367732875,3.2114339548629833,2.6997183600930654,2.9689832026858025,2.226995739166914,3.246908385142065
144,pop_0,2.970133335189077,2.5348695506722545,3.9020985883603356,2.7613314844548356,3.694595524429455,3.163934078656604
145,pop_0,3.244551534161753,2.558651810759828,3.581698384496061,2.7176729141393197,2.713341527801475,1.4822843494571751
146,pop_0,3.3878174953580142,3.4724706130733924,2.65923160114993,2.776100272802277,2.4623050641784023,3.1410264726394086
147,pop_0,4.318159657528169,3.591901497402915,3.029813723921488,2.5882537204876317,3.8790910998610606,2.8895691580881486
148,pop_0,3.382959349598983,2.2514126296520427,2.686984693455066,3.241899702666797,3.7834451874317203,2.8560390954956567
149,pop_0,3.0182110822612667,2.2293407073811973,3.0347115254056343,2.973557230164291,3.7870020927605417,2.531249820165914
150,pop_0,4.211688610620525,3.2229895742696097,3.4550565637610333,2.9164747720485624,2.7779317134367565,2.747509187369399
151,pop_0,2.5673415411622544,3.312472405903462,2.967848725538347,2.0177559552958293,2.270979822885039,3.0580319979751636
152,pop_0,3.687322878782968,2.4404088286969374,1.4418267132621498,2.563712631395498,3.15802365580801,2.223288474599861
153,pop_0,2.9591969367250917,3.0569687031763237,2.9826194544267453,3.215606823954592,3.367057596039596,3.169584525906016
154,pop_0,3.1088660028712294,3.333294235502104,3.383036122549386,2.193704672657395,3.160920519647513,3.074159717078542
155,pop_0,3.4091525681455774,2.64521289460518,3.200369152451157,2.7238486547916976,2.8592753533696937,3.856645412609083
156,pop_0,4.114226276401841,2.9745005555232185,2.5716831602204406,3.1352078654920637,2.902313402972749,3.0456201560704566
157,pop_0,2.366792179016357,3.0407393577220754,2.929082228199758,3.276900681705492,2.1667649643167235,2.7933306157149693
158,pop_0,3.6365169574839253,2.7025085366735087,3.565583119986154,2.67485034684601,3.4784461368384885,3.2617716087310678
159,pop_0,3.8344759115100993,2.6151661691429284,3.2588487180628554,3.3410398540965076,3.347390426783944,2.562723379172923
160,pop_0,3.816549321421235,2.658990139444109,2.696132272368522,3.170938280417213,2.729497611705817,3.960465288494894
161,pop_0,3.2165902653049576,2.8220209276854153,3.4903544702502765,3.076677459544599,3.3375435508100293,1.5147480742692156
162,pop_0,2.804453195448494,3.2698358716619245,3.589819063334821,2.587802072600074,3.4909903524803005,3.571817968935933
163,pop_0,3.498295414835459,3.0917155283224926,3.161408342461993,3.1208950776818054,2.7333783715834437,2.894634812640394
164,pop_0,3.211527397396686,2.9220355767371546,3.218892981349861,3.373189121179375,2.532137431879311,2.411315779204032
165,pop_0,2.585967628401674,2.2348500475273747,3.1033820906268845,2.7318323397149262,3.5817335644792045,3.373006571894803
166,pop_0,3.3813546561213714,3.1268037208557535,3.0118713047352488,3.3205082954494882,3.5766320328969656,3.450448203566338
167,pop_0,3.1909040962873525,3.142703800463376,3.2632362929254213,2.8701846319397264,2.7593725912612994,2.5755172848518066
168,pop_0,3.256885218922053,3.0391397647169742,2.3245317807986803,3.0221563394882582,3.7155979412667097,3.6126684757781162
169,pop_0,2.8376900436827004,3.331735564008563,2.6762273883749756,2.5711113385821696,3.122611558767408,2.3206138975744524
170,pop_0,2.886184349929255,2.6662076676104167,2.9702014983038785,2.8462519151185792,3.5267384025429758,2.5006273044264025
171,pop_0,4.227460456937384,3.092586016265473,3.0486030267071524,3.4237931948768545,3.3258886794778575,3.7408930143004784
172,pop_0,3.217837771058713,2.6573549387282283,3.0347171623492666,2.7885150671079617,2.81117911639718,3.2361568285019433
173,pop_0,3.1968287672983746,2.6061562854103677,2.8249845598167633,2.6696011599953224,2.6886250421486624,2.3411901557568293
174,pop_0,3.9260393998426095,2.0031102891809156,3.3966763670888387,3.0126866909776435,3.4671473435716145,3.1065228350431866
175,pop_0,3.0598233953510934,3.013968092154864,2.995536334839192,3.0435669141448516,2.786598293484867,3.3435828279321878
176,pop_0,3.4070123838217503,3.132101025812928,2.299757366226383,2.4965181027872387,3.9535746953307633,2.2933042171005438
177,pop_0,3.3463070722082846,2.713920958677341,4.485445772711865,3.2538822641968848,3.680399419332268,2.2495801684875394
178,pop_0,4.1218819114328085,2.4885948482139253,3.3758022642493595,2.6381040157059514,3.635851525350684,2.7750193688375133
179,pop_0,4.093977667432512,3.6153771280548783,2.840059440697156,2.2364287429738563,2.740486009578902,2.4816270161638903
180,pop_0,2.963724801261807,2.6103049772229854,2.7251004087965858,2.9018082846341136,3.130143209603336,3.3124370251835806
181,pop_0,3.538095014171034,3.4090568147291087,3.1498374852888222,2.7206800551370174,3.54506893332806,3.325510964895647
182,pop_0,4.419575124955025,3.322329142048231,2.7864064987880255,2.5327848322424065,2.3333149985981327,3.009202616497998
183,pop_0,3.1146705422123535,2.4846864075645394,3.010503703327412,2.5752337298483776,3.065315352201368,2.4187517860572534
184,pop_0,3.2611461030135103,2.41992256494484,3.573297742041438,3.452041013541153,2.922737449512504,3.9109672865147838
185,pop_0,3.28709230070909,3.296803570291694,3.1349788519653035,2.3487048296559383,2.828852087050271,3.024618238583697
186,pop_0,2.866936034242772,3.136441628147347,3.4762622516209754,3.0436884680598806,3.095695406652409,2.4215449341693476
187,pop_0,3.2324693131223636,4.123130431754537,3.73280661081515,2.119030431944798,3.8563305183136176,2.681740324941121
188,pop_0,3.3281845177303087,2.6168030012000174,3.0079009874811473,2.924652842737765,3.057522613081732,2.4861510033551903
189,pop_0,2.9159694392037823,3.236981684063704,3.499084001868871,2.537153301228325,2.28045022643307,2.61867436786196
190,pop_0,3.8850340094206315,2.625493954059632,2.4295493355315996,2.8795034341402377,3.7772190710713223,2.8539958473593092
191,pop_0,3.3816656808778673,2.3633515391121875,2.429488463971145,2.8579243786038893,2.9040891814130614,2.3863681789602738
192,pop_0,3.1993816598211815,3.197289416088965,2.628761808426765,3.100356487763084,3.4425678311394243,2.594292312554371
193,pop_0,2.4932978139205644,2.2747944202783463,2.5719158984262167,2.29237946742103,3.5126439804215743,2.8165918170440385
194,pop_0,2.5857568428853988,3.481307826097614,1.8300950340689177,2.952765799207709,3.520939974833991,3.625799583668565
195,pop_0,4.106176140069529,2.5900871702602926,2.054702583804272,2.5277937091825167,3.3325269040227834,2.1975501176666157
196,pop_0,2.5245841611914837,2.911236859889137,3.1450805636318773,3.2395992881261715,3.018615283123727,2.62946532525933
197,pop_0,4.119596668203315,2.9718545470299835,2.9918892916415243,2.2549676010165984,2.282114995762976,2.946321471845967
198,pop_0,3.8892824433534847,2.5429633208688025,3.1965024628586773,3.5431283159694953,3.404402931516202,2.7802332717842266
199,pop_0,3.2651906633305514,2.9929334269896843,3.452568450494532,2.6855831403865333,3.2183357557133108,3.4143065216505284
200,pop_1,2.743598793636898,3.1931904490127696,2.7895689464580324,2.846727606509866,2.8940111447347867,3.451304790889361
201,pop_1,2.1398659613620943,3.7121589606958967,3.6402020635249115,3.07643181373426,2.3123929518670137,3.1942296122955143
202,pop_1,2.7071569843436003,3.458460287430597,4.068225199737146,2.822092317432412,2.0609048441079056,3.0553428137353653
203,pop_1,2.774017357631066,2.1858536946464833,2.6115874552842566,3.4364942204081976,3.5681762233814114,2.8955853308119277
204,pop_1,2.6864302242389426,3.64885706009177,3.5813245929305837,3.3605572950382347,2.3311673676917177,3.439554232257704
205,pop_1,1.7717348772972463,3.1924027328106086,3.195341846616206,3.0195588602375256,2.360448816304138,3.327754536584898
206,pop_1,2.732196782551008,3.153549463077443,3.647869025005,2.7885789875142337,2.483117585363037,2.7656769920190074
207,pop_1,2.2722040415284104,2.432102045431552,3.3232339471660928,3.058310905676481,1.9467259924772338,3.4614354642000587
208,pop_1,2.2710599902034176,3.111136810960047,3.1804454493925127,2.3103921095183075,2.950793850759014,3.7370924526397387
209,pop_1,2.6628663583095973,2.1731446743472658,3.2216465944082575,3.494931018216897,3.0510634004053925,3.701450545636485
210,pop_1,2.494719221395616,3.2602971878775704,3.63786059884956,2.9751823983805723,1.6919410991864938,3.8568651690812406
211,pop_1,1.6219975144511471,2.885180967942624,3.730511897795626,3.2050217879187555,3.890747964724911,3.0354040147725208
212,pop_1,2.4721799799119966,2.8892422271941984,3.296246444927733,3.313817151554469,2.212425573490945,3.6080884560171373
213,pop_1,2.7607819073362987,3.817421228502315,3.0349812299045147,2.7432152050399776,2.6950269851756365,3.4076212919408064
214,pop_1,1.9407477327980003,3.2061535075682026,3.949695175504017,2.971648005522902,2.9551071299848712,3.3685543464170307
215,pop_1,2.8314879923517795,3.6161807214898665,2.748740950235108,2.556594410065092,3.0982560912882797,4.380794039167801
216,pop_1,2.9898089667937473,2.81726330934799,2.3486264690618617,2.3786923900366004,2.1538106702313526,2.9727157604145984
217,pop_1,2.8262339889904458,3.3370339798755286,3.074152266360911,3.288438495317138,2.180534260721019,3.9610109795508004
218,pop_1,2.2622319786206218,3.5018241516417827,3.4911749458850325,3.6208514469251654,2.8706268464177898,3.6323775539533054
219,pop_1,3.1439802547460562,3.2172074651585465,3.5809034384242575,3.272781894625248,2.865961815078676,2.3109680995763497
220,pop_1,3.2254800356202042,3.7385007646757167,2.702882933589299,3.219539907455947,2.8105767618082487,2.62154349826171
221,pop_1,2.7400636714396542,3.392913122730932,3.5641446168232833,3.2371403623647055,2.7732431203663923,3.6336769615782036
222,pop_1,2.3101848464697694,3.5548320854951827,3.2211616391044053,3.912742921079948,2.6427362825758314,3.5799496043956758
223,pop_1,2.7762090678022306,2.4436389803265626,2.837617881179002,3.2424513182470287,2.8276456152302,3.2301386403397236
224,pop_1,2.7070603713343315,3.1117838482688285,2.9453551499193464,2.361522427849297,2.9899525319448763,3.297465504620696
225,pop_1,2.5715697255192307,2.542628794896174,3.7718483924306367,3.2873339533231496,2.4862310748995773,2.5345859124576364
226,pop_1,3.1929073649776862,3.002215783818453,3.324589640096846,3.217826282327651,2.49119327216024,3.3539625767368406
227,pop_1,2.2270807289461323,2.930718258396373,3.127088531604887,3.4399973589634976,2.3682091962663483,2.74103340217081
228,pop_1,2.3777490038729643,3.6584429233078697,4.338184090954922,2.940896029682781,2.621565539787321,2.7268185397187836
229,pop_1,2.278423931567994,2.882724673603059,3.433463795387858,2.4583111133479325,3.1727536602812343,3.698390113919038
230,pop_1,2.2428388632769822,3.380304265097167,3.2325882907146006,3.0894440071695803,2.2220178028987005,4.060019642522777
231,pop_1,3.031679109597379,3.059128265301733,4.481471828822817,2.589677299175601,3.055966638972786,3.138603552777794
232,pop_1,2.034488695144627,3.8682344849138084,3.24796662364078,3.4090025211473134,2.6522404495675382,3.658921294786512
233,pop_1,2.9872440222101626,2.590451249017479,2.6240588351767755,3.228468826706711,3.0022686617133716,2.904328574926345
234,pop_1,2.195659905175271,3.396890980840382,3.5489260904009163,3.349030589718622,3.5168033363051308,3.269089210490872
235,pop_1,2.745787376589,3.5743291498921113,3.9340188970691656,2.4109855382122674,2.542184111150096,3.4740742553989796
236,pop_1,1.6570085020847474,3.398666866054953,2.876792240813737,3.3609137788099392,2.924271107616847,2.5897459518114725
237,pop_1,2.844703784842508,3.5220372923366168,3.8341266917089287,2.757398030478056,3.0082130374404383,3.263415807079551
238,pop_1,2.2252694768075294,2.6438544254493155,2.0618128980342934,3.7371894918733073,2.2785616429372446,2.6278974990505244
239,pop_1,2.2139266365935946,3.5018989038811967,3.5427873421295235,3.181656612277428,2.5628066525372337,3.7416899284487988
240,pop_1,2.303891122841019,2.8610049484954043,2.9585257390785653,2.3198008957005003,2.275794928379226,3.6383172826317343
241,pop_1,2.3036530332978864,3.162647700442247,2.8855829988866724,3.6749460350751977,2.44446534357471,3.3748525660244
242,pop_1,1.8899685116549856,3.3501393222974367,3.007976490359906,2.852042905078032,2.785300529462038,3.4352267168878643
243,pop_1,2.9939315473684927,3.0641777999202793,3.691500186222322,3.1465285806912604,3.388139272978185,2.9038737607321234
244,pop_1,2.7539823173221714,3.1062410042705,3.6192976392324976,3.3694534750489455,3.286069706378779,3.787284767330515
245,pop_1,1.912310385766473,3.3652597160072384,3.6942276891068166,2.8056728361487244,3.0137180286646372,2.5118057837181755
246,pop_1,3.089031234490044,2.927892058989786,3.5838228814314266,3.364221145267279,3.3238921861502533,2.9956659295467345
247,pop_1,3.6066749613704348,2.4889831209702464,2.9922804204147293,2.7516398077234316,3.004902436312229,2.975876857833643
248,pop_1,2.316527211306722,2.5900915206119532,3.263516924643933,3.0923284707444,2.72494071656412,3.402161324219194
249,pop_1,2.9532295689737853,2.4425560784513434,2.7331139215557196,3.3911312264333056,2.0424361442839967,4.155425837372569
250,pop_1,2.786967097317755,3.153724993449727,3.585524058263159,3.024065748894457,2.236646152625228,2.6213071460227098
251,pop_1,2.1779895765368593,2.6422590151999694,3.643345959195598,3.4265962872410785,2.455516308383064,3.183550532421265
252,pop_1,2.1253812678959894,3.324707984305548,3.5107202167852654,3.518250503696837,2.572262803824837,4.002247860976593
253,pop_1,2.3352865346641227,3.3687356691833283,3.888960850340002,3.5295954844049215,2.790760070180071,2.416918967320581
254,pop_1,3.641586392141927,2.817310984457947,2.862975905765469,3.266270097132541,3.275311860783976,2.7663275710564625
255,pop_1,2.1548226275410385,2.9638802522209633,3.939726619251066,3.9245432774358204,3.050111254088777,3.0198608793997965
256,pop_1,2.241158383589796,3.73936015478181,3.779204176164044,2.3177218508462576,2.7309496981212584,3.1608172981997105
257,pop_1,2.6235060690168197,3.37724733184701,2.949846072963478,3.7985259154198574,2.5119545604099702,3.6782611672286043
258,pop_1,2.390024570413682,3.0771902832985747,2.349423545529555,2.6952365305509804,2.789699773610661,3.1729568284266865
259,pop_1,2.282491345482148,2.674460615724274,3.4294764455004696,2.728231529657804,2.329322007071321,3.3218055693127653
260,pop_1,2.735977299315144,3.4292041676606,2.2823531405203705,3.0451132168834594,2.523469667721232,3.5161522446115443
261,pop_1,2.127626385020455,3.6812579201488487,3.3414790737557634,3.8675396809189815,3.2325868854030806,3.32405746503635
262,pop_1,2.4436733493361236,3.9857689975010078,2.8750580439414093,2.5901412990649986,2.069842037776538,3.3977183426724515
263,pop_1,2.4021305200562733,2.31837382314616,2.259460718313978,3.8008596642447294,2.708229119907355,3.7986174483282213
264,pop_1,2.735484162388616,2.7249928636444873,3.4472094816617735,3.7078471575792067,2.6663541569818126,3.8201626595824276
265,pop_1,2.0347644401978884,3.7400662644471785,3.871611036766982,2.817910664780799,3.088446615039755,4.462970681076564
266,pop_1,1.8889573142745901,4.131376161680345,3.213657127586713,3.341691517182598,2.344547937170812,3.472947077124796
267,pop_1,2.7976506426537746,3.336841583314335,3.093873542030857,3.2355274942369436,2.753099462589083,3.068278212971518
268,pop_1,2.490122816509722,2.5178263196262205,3.0753389048218196,2.122995339213946,2.9097794864602795,3.7192879505362213
269,pop_1,2.70304521193332,2.7295828474745933,4.204416796505256,2.7290824049759155,3.0799426378372887,3.3389752135380752
270,pop_1,1.4701583865661894,2.4826310092931902,3.165102584491858,2.5454750625118083,2.8728903331429168,2.425257016638201
271,pop_1,2.8262288527686796,3.194481200175775,3.0971272768300895,4.077426755746,3.2954675861769887,2.9316375574479014
272,pop_1,3.0411594532897888,2.6870517251755834,4.156109301578077,3.040584598769502,3.1484360447296496,3.2722275456830126
273,pop_1,2.1137659728215077,3.721855497377217,3.019690988738314,3.0401872421392366,3.8149815864676384,3.181090287345826
274,pop_1,3.0107206592885647,3.2304085120885087,2.8943398596769074,3.296496004935693,2.4651676566383176,2.923859988707949
275,pop_1,2.276490352439057,2.522155349926929,3.6189024193742316,3.231595298236941,3.3134095181202774,3.412729563250167
276,pop_1,2.7649078977637034,2.4565053527595975,3.136364880255141,2.8875544378234625,3.4752557713166197,2.433275141719875
277,pop_1,2.7266544294402637,3.503743224255319,3.4463372084124626,3.2141159382022626,2.778019849537872,4.553908929634218
278,pop_1,1.7471499238094947,3.8615319344307153,3.432781786684154,2.788684857798847,2.315363391433604,3.396489293294418
279,pop_1,3.3384171371608264,3.7134308393992055,3.9889007193762227,3.17489449866724,2.9738011272307356,3.4255987361777445
280,pop_1,2.5939902938806068,3.1292536622882006,2.5738233545851408,2.7788193181064815,2.2786882643526103,2.753214416429922
281,pop_1,2.191447092234626,2.9260641609921874,3.035175013390877,3.3894460436813367,3.0247311530512127,3.544474294878304
282,pop_1,2.621524700999147,3.314832261317858,3.641578278590956,2.9792350031435353,1.80078396353432,3.6160571826242096
283,pop_1,2.6701953402327616,2.7654893327596275,2.776968782402992,2.590048380805649,3.394291828261524,3.8495275738196373
284,pop_1,2.2627478962085106,2.480276309557096,3.3645081159220296,3.3250736755450636,2.9447608004118235,2.9621871164441647
285,pop_1,2.56013922167648,3.268144886023504,3.0037653033046348,3.6497344103923135,2.946887469778509,3.1057497432336754
286,pop_1,1.6209354206281126,3.942563325672237,2.927556150342329,3.9485793127939135,3.220604441653145,2.9095536935161355
287,pop_1,2.689252677821991,2.640983141136484,3.919500438693956,3.4874171876551223,3.0305797903181944,2.3776506038373024
288,pop_1,2.9893032304604343,3.4624377976860203,3.3570726093617744,2.4647751652108676,2.912443291245238,3.4767206001146067
289,pop_1,2.6358916417238056,3.7643884745595,3.32838170800956,2.1576570991944917,2.6587339707056925,3.5279303590876454
290,pop_1,3.1542960208472315,2.912897748223385,2.765391734416676,3.2323146779766323,2.779352490401663,3.127015095647725
291,pop_1,2.0404753590871745,3.0452166798194207,2.8294077254834287,2.4197705099489437,2.5245804679573687,3.078495651849855
292,pop_1,2.7139481470573954,3.50928516428823,2.978361902776471,3.0291255526082086,2.388047503700077,2.7737626904236663
293,pop_1,1.4727611121744448,4.131324090544651,3.524383919768085,3.012823495688437,2.5450794474083804,3.11240605611006
294,pop_1,1.8487519867166915,2.6616201408786506,3.039716114786956,2.6138837564527058,2.4785383698253463,3.5220024148541427
295,pop_1,1.9882163178414047,3.563109809011787,3.068055024470689,3.76554031101706,3.687068608453375,3.6116798544885413
296,pop_1,2.3761119372926918,3.3040702281771512,3.4198867232044114,3.388119183572591,2.396203533189976,2.398619192729749
297,pop_1,2.6804345115086194,2.900574304793073,3.1431650162463862,2.6954428739461536,2.627020963922846,2.7209195526595997
298,pop_1,3.700395926015164,3.383538282496869,3.4905483362735814,2.8723971953914593,3.230376393024485,3.1277334832870123
299,pop_1,2.7759334399906845,3.1323171704790633,3.9662702733517277,3.1889390420718486,3.2823752594119604,2.15836971882962
300,pop_1,3.2087296198479764,3.091580268998603,4.502183091115082,3.128732753019343,1.68000797078265,3.4317878844984864
301,pop_1,2.636916590740504,3.1001391547511474,3.4279318667600065,2.9586281927168234,2.8044716906802214,3.3912174641484367
302,pop_1,3.000998863076182,3.3495949718479374,3.8618413250687076,3.192938863688094,2.759873583711399,3.5781825414485713
303,pop_1,1.6486408223070808,3.645437493386065,3.493819126880797,3.325972603543009,3.0858030308191315,3.3829715313870015
304,pop_1,2.7616270501870024,3.05991282130843,4.323241544665768,4.317513250847804,2.3067172091547232,3.4917706588535844
305,pop_1,2.5205347661187187,3.3702766123772605,3.0671112649873282,3.2926754588600433,2.9455883559824825,3.3042372543808405
306,pop_1,3.019898490966687,3.7608569275378563,3.7286319261070062,3.5878480749036585,2.40500822165204,3.9704491986336126
307,pop_1,3.817606630985368,3.226997069152201,2.208432534411432,4.093340621946195,1.8725530600508742,4.001107387824507
308,pop_1,2.331514925503563,2.7066101614817266,3.052951691115746,2.7373559289044143,2.793931952734239,3.4448909672507644
309,pop_1,2.0376597662304916,2.7983331258661988,3.2032821710423565,3.270322256236585,3.155944374046788,2.671409569535814
310,pop_1,3.098220832617251,3.835912819117183,3.4223341778707446,3.2973412728786724,2.5844053454837024,3.315279647121331
311,pop_1,2.7725634209015406,1.9771872078188668,4.014255449996917,3.516589949073905,3.3373729269939942,3.4495408194176274
312,pop_1,2.259109782264766,2.8044674558012392,3.9508854462589786,3.461330870546291,3.1173866739288547,3.2845692752320303
313,pop_1,3.2340835837291637,2.431841335800461,3.545279870013125,2.854079466805435,3.193991347549,2.4532210160377055
314,pop_1,3.4697528220542533,2.6450812938154824,4.094447491893014,2.6889839747415807,2.32599573739616,3.115878754489465
315,pop_1,1.9155254529986763,2.788011013199946,3.210081853963804,2.7608331553213312,2.709466178428713,2.641168202502104
316,pop_1,2.9252907743048002,3.2040940471615245,3.346304096576255,3.222831107640954,2.9925784848784556,3.0186074008103714
317,pop_1,2.6265808572905414,2.316224824559612,3.945157486594089,2.695674413441279,3.7321433182577324,2.597383647655954
318,pop_1,1.4065860521938427,3.497532826688577,4.952320382015439,3.5486587873945123,2.273252706666092,3.2035072641942066
319,pop_1,2.543201656412731,2.814593926162755,4.270062452209126,3.2302532509866184,2.070895882317756,3.7234211604275673
320,pop_1,2.7732292238341105,3.5545515169223982,3.398172441584878,2.5021522903691005,3.032855489370046,3.293678517777492
321,pop_1,1.7101254841571496,3.4717606206149476,2.9724992305529003,3.616246454322672,2.94796125568461,2.8572676012027958
322,pop_1,2.3070728524922828,3.0460205699289564,3.528073002684198,3.9296829538539484,2.4941567419596065,3.86847952777824
323,pop_1,2.603274441337051,3.3731886201128187,3.602548823711109,3.4725519440518755,3.055342715737318,3.7922158731449924
324,pop_1,2.538252729036522,2.587648360941559,2.892877204282121,3.2723538357710433,2.695962182226055,3.979721665978377
325,pop_1,2.0899307334994273,3.477542960754722,2.9714063675209372,2.8135205601745428,3.3569440031043007,4.665029759827603
326,pop_1,2.0184655905933817,2.9179110628012195,3.874929354589895,3.129781576937589,2.14757900799699,3.435663895989192
327,pop_1,2.6988410114384265,3.5908631518574894,2.474035754093974,4.402332394786939,3.1484619472534043,4.0765716603223465
328,pop_1,2.803881409770823,3.3894985254416814,3.2971365101090435,2.810344176261751,3.115057295946987,2.581339046185173
329,pop_1,2.692361244004,3.017477298148269,3.203360007509548,3.4451066749829984,2.105360702051758,2.6848295660723576
330,pop_1,2.055257491130215,2.673480168605898,3.6979478511944586,3.7506689610879573,2.8156940193472484,2.581638114154802
331,pop_1,2.605313530601593,2.5880783350152314,2.9448487978481976,3.389932970460819,3.322502656440831,3.56649394340049
332,pop_1,2.366929277307609,3.138979591268685,3.3519515237038413,3.9653155089734033,2.7750725069211253,3.3044014841561076
333,pop_1,1.7041362663829664,3.0055951136433188,3.365711696346502,3.0944713091850975,2.8830058326393484,2.8393005649511114
334,pop_1,2.4985150123660915,3.1011728813302075,4.056126918151705,3.707460646884731,2.3764735488042055,3.10554420344145
335,pop_1,2.5726593543923952,2.5112876265005646,2.975156847425119,3.8629189298174156,3.19634805567499,3.377795560811001
336,pop_1,1.920567187470995,2.369653012368291,3.3282286959520766,2.5088307554617617,3.093644577917708,3.2044019630988987
337,pop_1,2.446006549170709,2.9102021556411755,3.2985131828941823,2.722006246122031,2.6002301104625207,3.0158976334834255
338,pop_1,2.0519305751610513,3.382482071884683,3.4392458139506554,3.5872387569391813,2.952808087578709,2.92576404112939
339,pop_1,1.5886545248138852,2.84143309668077,2.804035738295457,3.2532671518507383,3.418964607676581,3.6581784159332424
340,pop_1,2.5997334190229613,3.0430209678919273,2.968001925599008,3.4424154106108724,3.3683828873370145,3.1012595224543285
341,pop_1,2.1193856115493155,2.9935533442400755,2.9382269323938752,3.2852231405171226,3.350247803350722,3.900644544397204
342,pop_1,3.073504127468569,3.4325246021291127,3.887004785763151,2.520122276693021,3.3946602017370666,3.4168144606610364
343,pop_1,2.83957009421626,3.092517823836602,3.6471336748768812,2.5565135096109652,2.1276184645183465,3.2211893013369983
344,pop_1,1.4588383356149495,2.372793286659661,2.8976879703446947,3.669454170568419,3.7544522123454094,2.9540894731236453
345,pop_1,2.541010740658411,3.2494458673277498,2.336339258530362,3.222344624581211,2.3363108671803934,3.4831661976972557
346,pop_1,3.458573726307205,3.2356423586750998,3.709658472762654,3.3433292454584533,2.581465748843658,3.078561080906012
347,pop_1,2.4197431126188205,3.332445698041901,3.6282033260314805,3.06259110181948,2.460170984743327,3.7186866056517203
348,pop_1,2.8827564713426153,3.422011251990306,3.2568188527320294,2.9890930513261926,1.4352361098176576,2.758280816220377
349,pop_1,2.806877733603259,2.9207895906044503,3.865671490260761,3.5441308479384523,2.3962440224904844,3.609214618371949
350,pop_1,1.7318975283066722,3.1332458731474677,4.428291257108536,3.7651226442739483,3.0175058015247003,3.4279780810810934
351,pop_1,2.2902237998190476,4.715495401836958,3.2847029323829586,2.815089042853537,1.876862194038064,3.1797897044094405
352,pop_1,2.9040212377932972,2.801091253608613,3.798245261477442,2.3863008832784436,3.140401633281686,2.6106413417995284
353,pop_1,2.878297644989389,2.86764035999955,3.192927369955631,2.980256857237623,2.3263593665768543,2.745438869725921
354,pop_1,2.2022725865575348,3.3719004031433566,3.673169319344056,3.617000140427155,2.1204228812727086,3.5257464076372282
355,pop_1,2.525958588909005,3.323119083333478,2.8522946534340967,3.344840587511494,2.571884113252117,2.9851759742324706
356,pop_1,2.78595635873631,2.6758640253439054,3.4736610789686284,3.3916263609085195,2.7274851636116866,3.7274521754447334
357,pop_1,1.7203088479017576,3.398358166628285,3.153431101714551,2.972782586037838,3.12027461316599,2.713701685590238
358,pop_1,2.225000227558404,3.325846280850254,4.448409110773899,3.624358507290886,3.3263043450412444,3.9903614185326886
359,pop_1,3.572582570165983,3.214809038491588,2.5947989101349465,3.5171436569106613,2.804786458969359,2.852095227077366
360,pop_1,3.330126363340053,2.2914790160409733,3.3127937888701204,2.1953147456475985,2.9592799270637697,3.4383736652386205
361,pop_1,1.7303643488302765,3.0209422698092974,3.3068668334577898,3.0841163770239213,2.0286104150913697,2.9064593684976585
362,pop_1,2.022322557571343,2.729997518396896,3.0786668636351266,2.84923302415699,2.654181911218127,3.550076113906558
363,pop_1,2.9378822988695155,2.6577947989151243,4.487339318288495,2.801609794171448,2.7622903423429226,3.4907949946957775
364,pop_1,2.899862271583962,3.2572820182866966,3.23435593212944,3.0401322679418255,3.4996078783182294,2.5811980985096143
365,pop_1,1.8929528211441553,3.7972258983746396,3.674602557023788,3.642807922708958,3.209614829789351,3.803954813003418
366,pop_1,2.874031023103346,4.411913050942747,3.46007836838753,2.229381972945402,2.5404730951085535,3.5447823333036355
367,pop_1,2.1093226046030984,3.8704701765412457,3.7324540988328185,3.4295902015031112,3.357061400632726,2.9407515699814546
368,pop_1,2.949117325276536,2.9920415336086603,4.0258057594827745,3.5961368726082714,3.4291709487064272,3.5726696180009085
369,pop_1,2.3363331936585716,3.719015746491575,3.2198221047467848,3.3818485839867076,2.5446589007308895,2.8821648673968023
370,pop_1,1.1786191434729463,3.2082527614475316,3.664681467880899,2.910249439544762,2.7453685846600964,4.170881518217901
371,pop_1,2.6492803230787376,3.652895364954545,3.4251959022735528,3.5618358937481633,2.980562822893346,3.9500618557926015
372,pop_1,2.18633278888593,3.261707971538051,3.202746454859676,2.464346596560814,2.9554739450309926,3.270472059817358
373,pop_1,2.3612848617296924,3.4087429923902706,3.330671403439943,2.7956054752076316,3.29042774076315,3.6790043207022274
374,pop_1,2.328099134752448,3.603214849874849,3.1548876962918824,3.1516335795409267,3.4085212041919126,3.7016485705528015
375,pop_1,2.7570558137594636,3.057163016331146,3.4337524453337336,2.594020915795608,3.485297827516774,2.9454179987133564
376,pop_1,1.5472630253889328,2.7770265648144083,3.339536358646515,2.7747064791282723,3.360013012375712,2.8616165556661453
377,pop_1,3.201995489410644,3.095887056322685,2.9407413941665896,2.863139485018153,3.4642862807141195,3.6004317924196867
378,pop_1,3.436396232297289,2.69886339045039,4.009625638175405,3.051754746743316,3.3830079970493956,4.121055206149087
379,pop_1,3.3106426624549163,4.013987468839085,3.6973787522849384,2.7987877546078948,1.693016847689264,2.896148887596085
380,pop_1,1.7930028804604936,3.599010000079333,4.050498269422726,3.258334847744059,2.877634736142543,3.3416555895071887
381,pop_1,1.7442883209027205,2.6429615609766612,3.5123514199856523,2.5815754346029753,2.3101546730246287,3.2489692332558993
382,pop_1,1.8131728346253229,3.4790132295343716,3.559175507139428,2.9768595385359014,2.304787626049691,3.130934007356541
383,pop_1,1.6418657772949374,3.3722715170544335,3.092457901467375,3.9763404364174106,2.996408739884766,3.1146289115349477
384,pop_1,2.637931727243062,3.2348352291274165,3.3689533053322043,3.7439952120980764,2.6437014111651376,2.526677533717425
385,pop_1,2.5518939280888087,3.3363931157141082,3.9639029159857104,3.5702649707899354,2.763746143061636,4.063529396570593
386,pop_1,2.5348829834587914,3.2228086698721805,3.1560858532753957,4.031128661277099,2.728157148836091,3.4158027717400947
387,pop_1,2.5519297716758427,3.3651069478025075,2.5057499394937977,3.139503096919615,2.183946725008642,2.5379217064148514
388,pop_1,2.5293412151685004,2.959245426886769,3.119552115237383,3.0930962150019465,2.5156216565765166,3.472287999416971
389,pop_1,3.4456696570109555,3.271341984854782,3.2745402706927957,3.0775663699617777,2.7153058230009766,3.0253311579866353
390,pop_1,2.0811607432857744,2.443261213023675,3.5669660324346038,2.6531411103413953,2.9514198429070104,4.754115969671101
391,pop_1,2.5011644806773323,3.806767592000899,3.804628797936035,3.3822749286541396,1.9232761814891637,3.4308777549397727
392,pop_1,2.796591823263522,2.982880005422412,2.844852014482411,3.0172346337685467,1.9925657006670665,2.870832213152541
393,pop_1,2.4253957122199874,3.4815138950667204,3.070740655787339,3.092925311864179,2.5363705280590185,3.151200894108534
394,pop_1,2.5923106891008385,2.6718936181503494,3.5667814796241486,3.3678958296344925,2.988728772262585,3.328587459143518
395,pop_1,2.9709602301796196,3.6343002405089515,2.4432380642926494,3.6216095014014,2.222416537675172,3.3999594138733014
396,pop_1,1.8797630019457676,2.754737973632739,3.4636003588595337,2.8964087707257637,2.478561025981219,2.729743189730702
397,pop_1,2.3484644773138883,2.860170236641323,1.9777984980304717,3.2103900948442035,3.700059261846797,3.3301016797203338
398,pop_1,1.7030568709231684,3.2707922262497546,2.6852424008905182,2.889266494429988,2.5459026713578443,2.715730183852948
399,pop_1,3.044878157880222,3.4428415415886415,3.0239095924702535,3.8575155220104462,2.6900220912269903,3.1943583235062567
400,pop_2,4.369249280325068,3.1041116096689274,3.4147139438370515,2.718688871451979,3.604949788746808,2.8170562945913726
401,pop_2,3.930433704239276,2.4562740589888823,3.7835813398721725,3.3229436687268032,3.381849531616916,2.9478799708429313
402,pop_2,2.9707309448453825,2.144057081437287,2.8226314059221327,3.4887884998323897,2.866691210566721,2.733665659112231
403,pop_2,2.8004274077120277,3.464996544812065,3.2935694088158356,3.7822293660139255,3.1590998906196783,3.135400874399435
404,pop_2,3.5938549404412323,2.4170094065198664,3.5762634628271246,4.317909244553995,2.8856751668342686,2.1543460180376193
405,pop_2,3.782589010762713,2.9844380183702834,2.890819506940671,2.3530594733752404,3.27856085843173,2.844243096992004
406,pop_2,4.3404534311331835,3.126879846203433,3.111837491036872,3.0280186522838832,3.3614859142839753,2.4407227359512706
407,pop_2,3.6766338382253285,2.4393680064147127,3.0186431502781494,1.830366702584286,3.468080720371069,2.48381377996792
408,pop_2,3.7859351210137153,3.2592145065570395,3.678397051672988,3.7867977962886554,3.494685735516556,2.7640951376799925
409,pop_2,2.8498427276923173,2.990396480752065,3.5437082220630827,3.168657303996262,2.8785573996484093,2.9827386233625908
410,pop_2,3.9869599635461577,3.2285084380491456,3.144047475658661,3.5178450655666866,2.74425404305593,3.7398643412482713
411,pop_2,3.566651505325311,3.4515409633699154,3.166986668507825,2.6162064431392253,3.587806484966821,2.713470128125176
412,pop_2,3.343920823631337,2.8862202742312224,2.6333804728113406,2.4414919413869085,2.9611563196617583,3.0154006351968947
413,pop_2,2.6271543215584625,3.12226952655835,3.0591384860009536,2.897504689386191,3.1207131288102685,2.750607125978155
414,pop_2,2.986435556454117,2.8802751258930743,3.2439387531682278,3.719474953927323,3.233036254918531,2.9808845483961255
415,pop_2,3.423186885146541,3.9296035872423687,3.507286933780577,3.7325794466464224,3.229943805486131,3.3822205641310297
416,pop_2,4.235381001170307,3.1011470218382615,2.7734834231317707,4.23118159753071,3.1778304091265754,3.548048717703502
417,pop_2,2.7853324770388705,3.497834526744745,3.356468119147727,2.6175691414731372,3.343291007000786,2.9153899073062135
418,pop_2,2.747544051268709,2.915719070006373,3.3104855057030855,3.404751940609553,3.714086872550662,2.924787308138989
419,pop_2,3.302481362015369,2.036731074859469,2.5310395861450963,2.292114820408071,3.2989290757959426,1.959648904088934
420,pop_2,2.95757359009631,2.5421438667661502,3.9398743309479207,2.9714423244889994,3.340683536514425,2.5711728107468463
421,pop_2,3.8205482403079474,2.7795699841898354,3.085707572692247,3.0117015956706936,2.921028185376575,3.386859516546315
422,pop_2,4.217208749220628,3.04473898297435,4.295373125112896,2.7181114133534323,2.923115092843807,4.259429167218128
423,pop_2,3.690454406316843,1.9822572427100615,4.120519890627448,2.6527468896349182,3.7300706424416012,3.2500866683155794
424,pop_2,3.3346539233100825,3.4651791750543812,3.3516385721032296,2.8629100743712788,3.2564948396779907,3.2326484799146176
425,pop_2,3.0658906606807053,2.7603476654665657,3.547958993614803,2.7682998740883074,3.679599299256447,3.258239835146598
426,pop_2,3.4351417530286494,3.1530231548068217,3.3019413191162443,3.2739762365676657,3.030418909815027,3.083491705657722
427,pop_2,2.9332649728440967,2.2557130716082967,3.643266975625803,2.5044008473599346,3.171779760775714,3.171823033240038
428,pop_2,3.1795991221443187,3.364946939987805,4.044397365645261,2.9622814154296004,3.7446983443459168,3.613828470459923
429,pop_2,3.328088070925767,3.3796956025201106,3.3411001461418794,2.6328264125900662,2.798697810156501,3.761583410928823
430,pop_2,3.82143567232328,2.842843245789055,3.917552439472639,3.3905947869279345,4.071252465215369,2.779757690119729
431,pop_2,4.614624510170866,3.3398074141627623,2.9377261243240045,2.876133769099442,3.457355555060032,3.6184441550802755
432,pop_2,3.6234502267459896,2.8971637197106586,3.259121457510222,2.8530474032465962,2.6696246197384257,3.1127660939446478
433,pop_2,2.688007572842748,2.297111905534633,2.4214805477884997,3.444206918971752,3.3218718141146546,2.685379998517422
434,pop_2,3.0961677635329763,2.778153818406936,3.3238777457876245,3.4896700247313173,3.2269039274759526,2.4861186071218975
435,pop_2,3.4911583709919674,2.393403700281952,3.2933797412314156,3.5237465635563785,4.578243854358259,3.356713130932855
436,pop_2,3.1291361241229425,3.2202494947166667,3.0701367030823317,3.5515391565806573,3.276537195611612,3.3024806747534896
437,pop_2,3.436443793701307,3.084892344958253,2.75002928841811,3.218082486469754,2.980556523698912,3.3248288896234204
438,pop_2,3.4398011984067507,2.480496658854313,3.391385189115569,2.6609475701900247,3.4606071372866927,3.461299573579
439,pop_2,3.7648772921542366,2.815594464609882,3.49793108018665,2.938992514941531,3.5873121303623234,2.966561396378882
440,pop_2,3.56055985331209,3.081361383030737,3.064835903406147,2.511090075470081,2.772201253741533,3.105885827700851
441,pop_2,2.9382750604801675,2.2232163853413067,4.192237613661589,3.308137382394519,3.007479363665217,2.497293187313992
442,pop_2,3.57837582180393,3.4725575483955575,3.0204606883386544,3.472886660112607,3.9797478678616116,2.830589477133707
443,pop_2,3.8475354356322424,3.5430911488772523,3.72794614028756,3.841672910352773,3.537658992817487,2.5518823757791584
444,pop_2,3.6769334752136897,2.945949042100566,2.7068427888051048,3.2166877316751816,3.5242578518943706,3.3733740464549973
445,pop_2,3.049799657450245,3.7165966748059147,3.8333722714838068,3.701925964445968,3.2213247719504357,3.070859660454685
446,pop_2,3.267079524093695,3.113827442819367,3.180301063518487,2.9114349937608406,3.6215841426189623,2.708743773296873
447,pop_2,3.81137289902561,3.8262460579176736,3.052255183125664,3.153968001201304,3.1002144342458573,3.0591765546272143
448,pop_2,3.9048021300704963,2.8919936555547943,3.582202372413718,2.4546281392717884,4.216703083932881,2.9462102361826474
449,pop_2,3.038371850365282,2.9759787142429803,4.079264622026621,2.9637310775259356,2.9126202350245816,3.7591407433449846
450,pop_2,3.8364569876158976,3.299535827072155,3.5914192031612258,3.2836128024155027,3.4951868234662293,3.1967526654044263
451,pop_2,2.671211056768424,3.2427856402624835,2.799338075103481,3.298504908239515,3.2226953172729695,3.2376750565392647
452,pop_2,3.1256780644195956,3.004082228581706,3.660188987746215,3.086487781895988,3.714811394948952,3.5544651818039066
453,pop_2,3.6056440500479283,1.9749606924369854,3.230166483051919,3.5413615122896567,3.9565090634511173,2.546796642038859
454,pop_2,4.278386385373642,2.265424558128863,2.6846344380478793,2.2847451638293363,4.359329551549176,2.6957234784645823
455,pop_2,3.6562149365769097,3.4628094071502518,4.125353994793522,3.163842836252063,2.9548040348243,3.025865594846569
456,pop_2,3.118740823659332,3.374910265609216,2.8295419540985556,3.164523205663014,3.565749066211883,2.8152324509807953
457,pop_2,2.982687946605608,3.0930051162387637,2.9675356314814176,2.716394810746185,2.922341894197649,3.5819917533299988
458,pop_2,3.1864943148459832,2.3821471918718076,3.4641042112798646,2.4006203044101455,3.3640110986906,2.5789648354823442
459,pop_2,3.338954036163436,3.0962176123404217,3.1951221819060307,3.8138195502655052,3.2693116507504327,3.362560219987327
460,pop_2,3.3443346800962375,2.9673022789221184,3.2257423652306967,3.5767869149478164,2.8548138022585143,3.340194381503371
461,pop_2,3.869103546597541,2.520932112237458,3.376416124599215,3.4414863890630025,3.3446302705706623,3.0781768210585327
462,pop_2,3.6615871778172853,3.4980483335950208,3.5166883549333168,3.3084088157253073,3.292115159284851,2.787903880763788
463,pop_2,4.4702985315548,2.7159703474367,3.563581549438079,2.844065724557716,3.28563225788995,2.2124113236708105
464,pop_2,3.589194595169193,2.2072322630541934,3.7160291042636757,3.0107209473594807,2.8943846680642973,3.278446174641368
465,pop_2,3.4606496596791074,3.844609169139163,4.240360035888415,3.5173295884342775,3.9248879960380085,2.2760823770407637
466,pop_2,3.702301680672804,2.6748396591378523,2.795417234412715,3.354252115550674,2.757913936337343,3.2457728918446156
467,pop_2,3.2555092754568284,3.510137052730938,3.577599847374535,3.677196714970127,3.156027305824694,3.256156133997156
468,pop_2,4.837741390065876,4.246434434764082,3.293885946771607,2.5984491811684216,3.440446725512347,4.118928198912325
469,pop_2,3.138304953466243,2.14341989474239,4.39223274839892,3.864349654319227,3.604136645831238,3.039331155074666
470,pop_2,3.830123109724059,2.727761068012036,2.995474772112107,2.8502570612032287,3.093939150346675,3.628878539269984
471,pop_2,3.983703144925515,3.4940155902668435,3.1046996357355874,4.158496863167193,3.362290172060808,2.7556694154091295
472,pop_2,2.8599686414908083,2.2883595300488713,2.8799035978415635,3.328818274690356,3.840927150266631,2.3968384115324537
473,pop_2,3.2499304694628117,3.1326174060689347,2.6360156579712952,3.0499750207555,3.211502985168745,3.3871861632791953
474,pop_2,3.5189334869797984,4.0518430016666045,4.008155541762018,3.3801329262543467,3.588996463224166,2.973692587689578
475,pop_2,3.085518889156111,3.1074565565469503,3.011383446620638,3.2481644550107975,3.5648314096638303,3.8572308617040747
476,pop_2,3.443655537453262,2.892748888456828,4.231746075911016,2.701501241433604,3.3630125063292597,2.9750292387567505
477,pop_2,2.975329211795585,2.9559344009422186,4.169850256945325,2.97825598980643,3.396383264026111,3.0911416131583627
478,pop_2,2.950722433909086,2.88062966236667,3.1449915951876948,2.938645778482148,3.6971730651070946,4.23119514983021
479,pop_2,3.4995839703459772,2.4851599574573444,2.5011786595660523,3.787164105511993,3.544084073035604,3.0048989643117467
480,pop_2,2.885110422372354,3.0932450973612666,3.792939636421009,3.1183211102864927,2.9733901474475943,2.9683826685769903
481,pop_2,4.3996334588507064,2.906317179098622,3.553784594726175,3.472146476595779,3.336200041789116,2.8916476097246635
482,pop_2,3.533838683702264,2.609419412561647,3.9764646573448803,3.2417047820321696,3.185287500058425,2.6991993865181825
483,pop_2,3.1038302073618094,3.180557468328375,3.535073250656605,3.1778022903394536,3.1680888191978673,3.46515230711469
484,pop_2,3.15522245868657,2.865203612334276,2.4217880451797344,2.921341576541659,4.13308249421149,3.6079327523903606
485,pop_2,3.7810277791690954,3.630150819226228,2.6871251554713584,2.1888265548885686,2.9791198067923634,2.857921503249026
486,pop_2,3.3013259084815854,4.186988016445519,3.90132667520555,2.834434234721652,3.0841177199098198,3.228274493859676
487,pop_2,3.828006120987478,2.53818618441198,2.997123735024934,3.0167357791650984,2.449101150382655,2.802142653434896
488,pop_2,3.33283147330242,2.550334997074061,2.9285723985963963,2.786744177315603,3.7733631002781607,3.560207435312573
489,pop_2,3.163529813059593,2.9809814339123597,3.4367785515813436,2.709772178568147,3.853841157769368,3.987786836054435
490,pop_2,3.050471017075141,2.4427122369194176,2.848764155291161,2.7267005334926657,3.9205598845892853,1.967160707816424
491,pop_2,2.5971518976493777,3.4671491264300527,3.205973253582262,2.950050119504767,3.339153442528752,2.5314242656480803
492,pop_2,3.3377632044585868,2.7953764641956123,3.2505387513425616,3.4044628658893212,2.881032735271302,2.9740729547728137
493,pop_2,3.2877370449626535,2.749961230927764,4.439757807581612,2.5895848315828953,2.883157956022062,2.9325712898589726
494,pop_2,3.5540618860511555,2.387661277853867,3.06901796767479,4.049562208880583,2.6973065815714627,3.0772672924609874
495,pop_2,3.8821551676539023,2.4519119306659007,2.9382886707218403,2.827523401672788,3.753511086847452,3.2615188686983436
496,pop_2,3.251210040468977,2.8242414346617966,3.8195877966675043,3.4777791086399183,3.6378070966377494,3.627399472334479
497,pop_2,2.9204823953514074,3.3253670600457674,3.624850046033902,3.074451668702255,3.9384033174149646,2.9111615738366683
498,pop_2,3.9078798618028907,2.5431296999761352,3.855233136008876,3.0131682546802296,3.0647778095989366,2.442228956085452
499,pop_2,3.2854517343728715,3.347792227132343,3.3187087726397544,3.352920001404538,4.384215484191303,3.1223353133121936
500,pop_2,3.2257819775477303,2.999552002627973,3.6736907004230566,3.939258863962359,2.8089075649434916,2.12334679600599
501,pop_2,2.9723611298636747,2.998372686149281,3.716299289336097,2.8113353569640354,2.497565353899876,3.7679685582292968
502,pop_2,2.7276989377699574,3.30136539827988,3.1868150835720095,2.7902676610505086,2.8434087790143687,2.9908704773777464
503,pop_2,3.1317568359452856,2.667398741862745,3.0740686986892354,3.326567404875697,3.1902913431765296,3.3313427723545384
504,pop_2,2.5608439159502714,2.8900703269562853,3.741418141808603,3.881856710476438,3.5802705883025454,2.8191457755767586
505,pop_2,3.091139682304476,3.624596050976459,4.001584297216298,3.21055816083367,4.232807392417055,2.853999609989028
506,pop_2,3.022718595998256,3.5453955724411172,4.103104183595967,2.3552405390656235,3.6281020269931155,2.956990950323426
507,pop_2,3.2013375624807474,3.3840224304089745,3.0976781276633614,2.0023771068674536,2.5503618700393025,2.8867617139672324
508,pop_2,3.8320347287204495,2.467603178043227,3.92222488597028,2.7559858578736276,3.409361693237138,2.8926363391448318
509,pop_2,3.5833287058287575,3.065674392394575,3.6050513279798304,4.303569450935861,3.4555132695616217,3.3495216760590654
510,pop_2,4.047870931875758,2.2371835618093345,3.6843509138276893,2.983022183996373,3.1648597951697424,3.093630132579544
511,pop_2,3.630502470309083,2.57639541455374,4.231561333854162,2.7718483202166895,4.129704067384342,2.894617270619522
512,pop_2,3.7736817007647483,2.6737437091600236,3.9712075065470267,3.306655514089273,2.6770990560110617,2.3745467870084647
513,pop_2,3.633246330624418,3.107455745099679,3.444905025519594,3.3028901732631777,3.897334549283691,2.0245572319797587
514,pop_2,2.8803083286095985,2.7522583353107533,3.3977354939441664,2.653911381576921,3.310432916248091,2.963126731472949
515,pop_2,3.476267629531015,3.3362895473921315,3.7001712914568583,3.0058930468042293,3.118639489237248,3.2044776586119013
516,pop_2,3.2054460238613673,2.407246462178808,4.155459172313893,2.78437105993853,2.460281896184798,2.928389490996104
517,pop_2,3.456097228427336,1.5000354847901691,3.342368008513853,3.0228427594225082,2.853930242217221,2.5648055888488814
518,pop_2,3.8053214799246344,1.9191241422441674,3.2560257156155585,3.4492756301716887,2.3527910266051144,3.992161153215592
519,pop_2,3.2905479339132433,3.3118442383089457,2.8605522648127577,3.032102900795994,3.7290242912606697,3.2121408596567034
520,pop_2,2.932058831316967,2.351259955341074,2.7413692109853818,1.8750349989827875,2.969975192660333,3.4759186239904314
521,pop_2,2.4945516235796497,2.4812934888654476,2.5440938528540205,3.0867208437542804,3.0674620602257945,3.654350302019705
522,pop_2,3.7376855247372074,4.121293356893654,2.829632391629323,4.028721636464556,3.160155705467764,3.387689290047607
523,pop_2,3.7562424565962655,3.9364962317395413,3.2224927725405403,2.904595849360884,3.2726618736706126,3.2190228966815617
524,pop_2,3.3877476240134374,3.0084050088593757,2.741940294977857,3.3728642239884903,3.350096898057169,2.538607235523013
525,pop_2,3.375177307301736,3.566556754619343,3.5496594808441397,3.28883566675762,3.072923360428689,2.6463930970369587
526,pop_2,3.3821393441011383,3.059292091603486,3.2115253882844415,3.0774326321587844,3.7922273896344487,3.1886950175511517
527,pop_2,3.6549736783002293,2.9907384030974162,3.560447527215644,3.243659124234182,3.5313326854315945,2.3846775435707936
528,pop_2,3.8338256228508847,2.4052324685993134,2.2202959433481175,4.187029733650675,3.2706683707404807,2.90479986148248
529,pop_2,3.528402062795809,3.1383190770520604,3.339413121347084,3.3090903710201713,3.6873288228036554,3.023255481850524
530,pop_2,3.2094963740260254,3.5378158696101285,2.7949503572740477,3.09925833738166,2.8104903428664945,3.7162353220321043
531,pop_2,3.7990837587513626,2.1546414175000814,3.192312953227615,4.042283683972904,3.1336932085096745,2.3234312938849775
532,pop_2,3.044804454591804,3.8341903367303978,3.915718215877647,2.794386282809192,3.5944377755315893,2.8702997046465266
533,pop_2,3.1994423515623733,3.050092572809616,3.405626290380861,3.1355094669991797,3.2775894172868956,3.2111307198555195
534,pop_2,3.8735787603767764,2.0366782723476753,3.53453376237799,2.991844225444228,3.1627938218922518,2.856025621843423
535,pop_2,3.643251278380456,2.746268162546805,4.158197076878179,2.868807177205902,3.5868111561502856,2.954967326120997
536,pop_2,3.5175584924033982,3.642623705071147,2.499306201520887,2.7632381442288256,2.621682176082436,2.629788189551369
537,pop_2,2.8801711533999486,3.2726026333821454,3.4247902831830204,2.765905312112428,3.27070330333271,2.873282087191517
538,pop_2,3.979547198633061,2.757055773935214,2.873359640927692,2.941304264048798,2.2104649021231,2.786407489038746
539,pop_2,2.676594679700674,2.014766162864176,3.290942873172081,2.8534970452109,3.2334886451153193,2.815902844731527
540,pop_2,3.1484559526606506,3.2468658411638356,4.170700229583613,3.3346812866733364,4.44497101674644,2.6637068761085403
541,pop_2,3.823218781351177,3.2551779224481576,2.1488093394151906,3.7296160269849916,2.7900012717183387,2.8565163364457047
542,pop_2,3.465210875309309,2.371835723603595,3.7840655353756607,2.661848511734933,2.933225650182216,3.118687511435749
543,pop_2,2.2299493834098008,3.6713448251515195,3.4869934953389237,3.09688404159405,3.130815747339172,2.4839073842740875
544,pop_2,3.2979601732732315,3.2765741003265294,3.7545350128112953,2.975481410935419,4.177561557940587,3.1457806105998536
545,pop_2,3.126847324479494,2.792074482739426,2.974403657011129,2.5802047485475863,3.2162502412677094,3.08247641804109
546,pop_2,3.4199971771475166,2.7088090101759903,2.6297376266753116,3.004350126693298,3.0632421889351966,3.74370441284244
547,pop_2,2.752411940803807,2.3917521418455996,3.513603071823005,2.6857770902169267,3.026179164007623,2.6293715663721176
548,pop_2,2.829775232642669,3.434017544194701,3.7704184403351024,3.228861154199456,2.9224904328307586,2.7146963276422618
549,pop_2,3.4976345912827167,3.5743668600632628,2.926398103787886,2.9668752666339495,3.4139605981237553,2.6754873466543585
550,pop_2,3.5729528973939373,3.0020172020788394,2.595024580472004,2.8305989434296155,3.2045808698084755,2.9222848844434735
551,pop_2,3.9257195824315847,1.9444201027338088,3.501151322920254,3.097162514807645,3.310608949273606,2.777690530980131
552,pop_2,3.144816005822646,2.739133988396128,3.044141076241305,3.1698293686608117,2.664629396718212,3.0406268395134806
553,pop_2,2.681485128246046,3.616052715932779,2.929567773601509,2.9103067533783156,3.043281552043479,3.1186508284874934
554,pop_2,3.111178435333162,2.805706648111704,3.4628606266226347,2.8110641193922112,2.781431726272194,3.109898686879509
555,pop_2,2.527827894740654,3.029435122274067,3.1455252008085806,2.94003744653691,3.4426657071053994,2.5413637644550593
556,pop_2,3.7267182749369785,2.427473455111604,3.5360858656163683,3.326149512595413,2.6221630951294594,2.4767297095442666
557,pop_2,3.086818278197724,3.3463740849892174,3.0654710870375173,3.5520947814654686,3.125683276762346,2.239020054658264
558,pop_2,2.9515864816768893,3.2035220494954015,2.6573550879773484,2.3963989466333553,3.5390275629573003,3.0761144061550523
559,pop_2,3.583498283268017,2.767535814246748,3.561070572501719,2.721741563606895,2.8333079382609254,2.728143509044273
560,pop_2,3.146242626319927,3.1867343370795203,3.0796560347054247,2.9566875653676132,2.9631211077097515,3.209200655255476
561,pop_2,3.4688251141577844,2.7088225051779,2.9374487737910373,3.704211405453702,3.0952072119398277,2.470027522007801
562,pop_2,3.5216858280986343,3.8801919203772686,2.5388492957424624,2.4337693188265184,3.1664446081795634,3.0733418830945545
563,pop_2,2.2449380418153426,3.7447583194824756,3.0014236571661623,3.6045687557663224,3.8307539707122027,3.8136410030779277
564,pop_2,2.378174373633091,3.1372866783362126,3.6297102258510066,3.1410502009057555,3.0695374007300846,2.5771849307493806
565,pop_2,3.576879670464998,3.609127180590589,3.2073691436830836,2.9805620389195977,2.3148573347595174,3.400884185253541
566,pop_2,3.2221264506283513,2.747567650391017,4.187400419833573,4.21659701806615,3.342014135524425,2.93855118670673
567,pop_2,3.487523527861979,3.5354542393751487,3.6395726143301137,3.981692190761316,2.587353606051235,2.395225336004643
568,pop_2,3.6813928775238476,4.144930599343902,3.1844381475468797,3.084496513465897,3.628336898747332,2.329111561230204
569,pop_2,3.7183808071044875,2.4398853075139244,3.7156870092204586,3.8111504731353367,3.4008014653454555,2.8953502790039107
570,pop_2,3.691087841226497,2.23256530913898,3.224539286583901,3.0797478456136003,2.7272689119054445,3.2937934356627614
571,pop_2,4.065956495487803,3.268530695695855,3.2806501434728506,3.4921178042941974,3.4976724640253254,2.4624677070552377
572,pop_2,2.7423756332613807,2.1089861555543234,3.516125887251266,2.44438809286336,3.932662146976861,3.8947060306497057
573,pop_2,2.676115949366195,2.2943609801063847,3.531886188588099,3.138025185031228,2.90933236520943,2.5254373845086464
574,pop_2,3.0926225867893713,2.8509952334979687,2.7854075886704974,3.2479562710628387,3.706160927205638,3.2885881604125298
575,pop_2,3.877324012783623,2.787873735807459,3.0963597278403028,2.7242949598820627,2.5993480440268533,2.6843299404320153
576,pop_2,3.6909386160503646,2.566726314645375,2.9027632230043214,2.868417854493965,2.5480742422923632,2.776988277846945
577,pop_2,3.403314739109727,2.9929091468464706,2.8841326024477545,2.8790573198289438,3.635007191199998,3.674519703608199
578,pop_2,3.7772586308699303,3.313990187830722,4.114001771238987,3.3682615683989794,3.7259834913957603,3.9797052780353175
579,pop_2,3.135260111492735,2.511639489354885,3.4015944083648106,3.0566763954934104,3.913008504836449,3.0968209371440096
580,pop_2,3.434931617241071,3.0012595506843436,3.95423132103227,4.070666384275945,3.290853927214802,3.665585393773848
581,pop_2,3.3124927384122946,3.4805930758289505,3.937838414001754,2.074278920294946,3.2769094785996034,2.421895744637611
582,pop_2,3.9728967825512527,3.44451250902777,3.0936584391382143,2.866046583537008,3.0532653695881984,4.115604388144146
583,pop_2,2.899545679687252,3.2824011720722077,3.376108346821595,3.331141009205179,3.689142303317128,2.2136617532499887
584,pop_2,3.2919488891248676,3.2428009032145146,3.8932834971186105,3.2411916267587575,3.823246173101565,3.269630719022336
585,pop_2,3.4277687723187884,2.537640520324192,3.6504491265012025,3.5206657827155805,2.7468757516059545,3.1590679104182824
586,pop_2,3.4999988963809012,2.71277148339972,2.872297412413385,2.4727460315999017,3.468962055875804,2.9664457801702793
587,pop_2,3.2133516045192936,3.5296325284868533,3.9420043778937988,2.701276561066393,2.8293136085546164,2.338949372244466
588,pop_2,3.722397633470526,3.1059641076890587,3.8447237016291256,2.2399196017399214,3.277702550684256,3.1095985599696885
589,pop_2,3.5574480721766317,2.7267183848103147,3.541042351850473,2.90291664731025,3.521069500344485,2.82461755844752
590,pop_2,3.0121449712433224,1.6537736480738954,4.232807486363984,3.231509958300152,3.409562881243411,2.923998121529967
591,pop_2,4.2286638129174365,3.204060587103435,3.747636620671284,2.728767894970649,2.9668285183080543,2.7276375491039433
592,pop_2,2.8082334147376082,2.965434097606543,3.855062516847635,2.5393412250772425,3.5972021208075446,3.5277015766004625
593,pop_2,2.4916110580205326,2.249506987504063,3.2647054712300982,3.3081565707539022,3.519511291235132,2.8376907095446446
594,pop_2,3.465561556374995,2.7020423224528027,3.6906280885806253,3.070681300664309,3.3244575961913507,2.6959644657877875
595,pop_2,2.356019698370293,3.1211889255243044,3.720277510928514,3.1152895144918484,3.6732699342483897,2.9513915520262684
596,pop_2,3.1151374648024213,3.307030373046395,3.4106259655034785,2.1891864105147483,2.4899213912149314,2.562966352533051
597,pop_2,3.9718860313281708,3.792025400521228,3.197555159841303,3.0856813264049388,3.6061778344376765,2.6422286033933595
598,pop_2,4.093016861935619,2.3748534629667764,3.2088422035138957,2.947310404299515,3.7167411848567773,2.8195852620110458
599,pop_2,4.141096694611067,3.5548439583146076,3.7371049293803553,3.4206192947338434,3.6872057512580207,2.145427010678899
600,pop_3,2.783816433324924,2.4157963148877233,3.58428168024592,3.265953219634781,2.581903431828046,2.927517813595828
601,pop_3,2.7673851067838164,2.9412305077566288,2.9142186399301364,3.4660106350239883,3.773315805096579,3.379629560771948
602,pop_3,2.4277565420060023,3.049771278399529,3.4663073266394937,3.0439495767111793,2.774308207253998,2.829416961491181
603,pop_3,2.420681850301052,3.0290199473486727,3.9944200543296335,2.3366363326136343,3.2250983807898015,3.1406972318899666
604,pop_3,2.444922772778154,3.9389688198492845,3.601545889017833,3.086986872572306,2.7292244117574915,2.9992781928648413
605,pop_3,2.722196392987046,3.5488715187719975,2.807440676534527,3.580616991523431,3.300191330806652,3.310091306213468
606,pop_3,2.5897330192635715,3.9268280367380815,3.966012142666296,3.2705235860443365,2.9337430770952975,2.852438266652652
607,pop_3,2.8304951301383365,3.1892076994667735,1.7779728107088044,3.372839576853728,3.566648194653304,2.6977181455290347
608,pop_3,3.08952542260271,3.1894931581441925,3.253134921910727,2.698466217967073,2.8966186005223924,2.5641452902949324
609,pop_3,2.873010585564179,3.7901896253430993,3.1435207576670394,2.8691648545620234,3.544807908324961,3.148438452575784
610,pop_3,2.530858012954549,3.588197052929038,2.706118627109537,3.5169541226301795,3.2319503796172726,3.2739596679090885
611,pop_3,2.709087527831512,3.6122452384467287,3.5413476926360667,3.3147125690651706,3.2434636483074466,2.5018846548357954
612,pop_3,2.5231871860275827,2.6298634378585612,3.441355121810058,3.451862135704904,3.48633820246577,3.628742566921919
613,pop_3,2.9890116372876405,2.492746149466545,2.8896613381287937,3.5130674175722896,2.568757808035194,2.8252376986017165
614,pop_3,3.421539212158063,4.188568125669773,2.5384246897900935,3.8465612597559855,2.613335275564366,3.3563597509319725
615,pop_3,2.8959374520623484,2.9454577987657014,2.728281456863022,4.290811344835935,3.8598511605652073,2.6304219944814147
616,pop_3,1.8825821254015345,4.148976464421201,2.3154215294486935,2.904856697816192,3.98734258570665,2.186073120659988
617,pop_3,2.7785045072126398,2.193054714091229,3.4347911174819785,3.395088151327771,3.2957477180562766,3.333433446155344
618,pop_3,2.64182598975719,2.663037921188972,2.8983041882376135,3.8605694646335937,3.1481334736332114,2.899806980480185
619,pop_3,2.8699919690061164,3.015338469802498,3.4581789915460663,2.7289684362429014,3.047074216351102,3.147320826510883
620,pop_3,3.219361134891802,3.1235411263572295,2.4730869531868227,2.859971872773426,3.779852678542947,3.348590909872765
621,pop_3,2.9114516875640746,3.4036200075393612,2.9580153966068927,3.4247888118160112,2.68369246458985,3.207302167744018
622,pop_3,2.7144408743785453,2.9828117554107427,3.882386006337038,3.4460932266563353,3.4844841737583505,2.326782187099057
623,pop_3,3.016016543001801,3.5241897371956554,3.388277615173884,3.738368460859159,2.979172534218072,3.6089383899949765
624,pop_3,2.927687090121649,3.0302037114879714,2.830944668725241,2.629236404140931,2.8484982374491823,2.93606221287062
625,pop_3,2.8672325977780986,3.093337749428893,3.392008176322734,3.110687506974006,4.201296377077319,3.5436661397931513
626,pop_3,2.696062606776736,3.068947771513474,3.677943367133246,2.957890026288848,3.0302798474410944,3.483533514488333
627,pop_3,2.890774042536004,3.2488681215047692,3.0453881782660295,2.8637229758564926,3.479476847072001,3.9688414412747517
628,pop_3,3.0820197589514944,3.089597814911492,3.294121413050961,3.3408153243079868,3.139184159669528,2.706408816271514
629,pop_3,3.5137564072055287,3.9549297464111164,3.139484219531071,3.597437886085752,3.2226053415010183,3.5440986543075805
630,pop_3,3.1580500127785363,3.741245310874837,3.2662291938502706,3.119607411467592,2.372507214728568,2.5457931535856093
631,pop_3,2.572048083849914,4.325959975793287,3.989703419317033,2.7089139145215313,3.559401549694809,3.2460764870012473
632,pop_3,3.552867447888568,3.039898583097047,2.0193927148356763,2.6806095646262365,3.618827418211202,3.511130507237496
633,pop_3,2.203664507408831,3.588475853339399,3.134691242137021,2.678848098057679,3.615622369453183,2.7146805297522865
634,pop_3,1.9216243197971041,2.9471525164351258,2.5223016997725436,3.1351317506784167,3.295522844242082,2.3792550673854866
635,pop_3,3.0891829557453754,3.7383209243133964,2.80192308905868,2.655266256511555,3.225199621594106,2.636550802068191
636,pop_3,2.826566096273563,4.382631020622452,3.027609003351966,2.7173941936050783,2.687976292813128,2.3643143439676173
637,pop_3,3.224092649909659,3.9159281564351955,3.2051385095082865,2.7199929141199726,3.687851856432596,2.677091345210665
638,pop_3,2.439462983278636,2.903041771705644,2.7804952193161077,3.109348525206466,3.0041836795710846,2.4235644664000313
639,pop_3,3.7934384561026255,3.6195727245810905,3.234717980472649,3.858152067180242,3.30584172738365,2.5857116685774075
640,pop_3,2.6463051754400997,3.4152522936793113,3.1998017537036785,1.9217433791437564,2.988621927786219,2.543097087752698
641,pop_3,2.487978033847824,3.7861618082587327,2.736338217684343,3.2133754536092844,4.1096669737154565,3.109021453949589
642,pop_3,2.340708806273126,2.7834712167260793,3.5748976856702868,3.219419461808524,3.4722335280854093,2.6217590228721974
643,pop_3,2.9970226249070597,3.395520906742448,2.9927659101820367,4.2489789177335355,3.150394777810496,3.1305724705247258
644,pop_3,2.58077890037159,3.501199630004815,3.353810223251245,3.790700850477026,3.2515080092905997,3.063356891689402
645,pop_3,2.4472118639534166,3.226388691165995,3.2579152837302203,2.8225533453029357,3.783588721967887,3.2891547515515525
646,pop_3,2.3895914205828417,2.81163134327254,2.8278813691215667,2.9029567602298223,3.78589230172731,1.8781168212142076
647,pop_3,3.567963846400963,3.1337360536206824,3.5366503540301135,3.643956676916858,3.75773184659346,2.7587605816809604
648,pop_3,2.386502445973982,3.9950339060144757,3.7871240625404328,3.18835794333627,3.5314787953336566,3.3701098605038227
649,pop_3,3.3978227874528977,3.2587038816861638,3.511907119246988,2.670610036443102,3.6003490228420048,3.55697489272554
650,pop_3,3.4815705768934455,3.2370019448617966,2.706189949411281,3.4620726750220627,2.657083055971455,2.1828044197376997
651,pop_3,3.063331765813972,2.8740535725915572,3.4289556731270867,2.9338811660563633,3.5528600876824905,3.1829495656069624
652,pop_3,2.1720508597428116,3.4996433449301265,3.6549549682480382,3.8799702062535935,2.773189792389634,3.1334014786318916
653,pop_3,2.4463740910234897,3.1711530676323956,3.0089889016465237,2.865297453145985,2.9075554002776998,3.027782357573328
654,pop_3,2.373336686388533,3.8160585067026638,3.387497917466865,2.771625236156184,3.2512095657790767,3.5022723274289236
655,pop_3,2.2961527935603994,2.501687851701327,3.6148971615322285,3.2378798860714637,3.647018884922962,2.7200631203739825
656,pop_3,2.3865225811556807,3.5717859063981368,2.968398921002115,2.5480150913824193,3.429463648308235,3.077840781519442
657,pop_3,2.2934998158038815,2.7846271796480706,3.0666140055751754,3.1831924354636505,4.5997826872375756,2.940601133559992
658,pop_3,1.9436391494135408,2.4877468217407954,3.2907845480241122,3.924873968199386,2.375773280017005,2.474964003010505
659,pop_3,1.7345025141033967,2.4133459167971534,3.047067551747158,2.5875385142137506,2.6323360796121675,2.6973682786284314
660,pop_3,2.823649438551345,4.186235941794832,3.7236550659541057,3.701748663630413,2.570716830109472,3.9595296854383797
661,pop_3,2.5417555437604995,2.9532806895971655,3.1990062478332684,3.346334579349312,3.4728020602312415,3.052344170602354
662,pop_3,1.9266937657650693,2.9709675675212717,2.98630082197465,3.3514016253425627,3.54441124659845,2.759370759134819
663,pop_3,2.9877618982197167,4.04175624436624,4.345289631169147,4.188743882423724,3.4397197629352916,3.468555109806146
664,pop_3,2.643045156590952,3.047504450403853,3.6018284174870887,2.916735169016818,2.924821745377982,2.2374642036024066
665,pop_3,2.6602357055990926,3.211203938384023,2.6821184848546347,2.147761983343961,3.1241627884798646,3.310398568713082
666,pop_3,3.2931288541116883,2.914326620927324,2.8171477800040163,3.386736820623946,2.683702240195972,2.4559308554495094
667,pop_3,2.347589815164018,4.064911088090769,3.140659174229785,3.8454127139902083,2.2753777165997833,3.7660928121836372
668,pop_3,2.3711983023545145,3.600059447052093,3.448672010400482,3.42316340737579,4.0346596445547425,3.2194691991724533
669,pop_3,3.0601360263284674,4.053928819319064,3.041025600170847,4.3055660669809415,3.065636331496474,1.9957262524483563
670,pop_3,3.1019668323945733,2.724842872974454,2.981461567215095,3.4379577656240934,3.192428474359203,3.219238756601392
671,pop_3,2.6337556194696607,2.635719219300323,3.2082751275666537,3.7680315975824588,3.6153657803698778,2.5125694717139675
672,pop_3,3.1119612803771153,3.5698674205487952,3.960612239178194,3.1486440294927855,3.20895441389433,3.1425240604449343
673,pop_3,2.4951212678552404,3.998708949677992,3.662978142508804,3.1810044690559534,2.8359804968318967,3.782871335292354
674,pop_3,3.2781779102564754,3.572524733543778,3.5870630893589923,2.8375384348116652,2.981681504072998,2.3966581190794054
675,pop_3,2.1006913491676187,3.204011768572285,3.5831421490499933,3.574091215948514,3.2699655226989193,2.559380762984335
676,pop_3,2.7887806466847094,3.379979681491126,3.0512528364802365,3.014867779851153,2.5125110290475545,3.1688827116466016
677,pop_3,2.8562200626010825,3.2327752463475385,2.8967243031721317,2.9413483512472136,3.051442538899453,3.0582703937162825
678,pop_3,2.478225015337099,3.8541814881824323,3.613711704103886,3.523176520388239,2.652284771256235,3.929986702200796
679,pop_3,2.503364630768952,4.390798794728474,2.9090293708585087,3.0628791607256525,2.7882709443381133,3.2475558575476007
680,pop_3,2.499892233043186,3.5504473678282347,3.539092386720314,2.9874794254595205,3.81958005489319,3.26464054047841
681,pop_3,3.3499971760223706,3.379412806442629,3.666497017636463,2.8839526667796505,2.8375788093975665,2.2100524831121557
682,pop_3,2.8662813934480234,3.3462888936833104,3.3773892292045296,3.2894525866969273,3.4745059007249477,3.4496633094213567
683,pop_3,2.66294424890871,3.6967444053574843,2.4502790867175186,3.3507958927721595,3.5289827318844758,2.595085307505322
684,pop_3,2.7446976047260523,3.6169515386335744,2.5403341834351267,2.004349219014405,2.5483526067495856,2.2196354066866113
685,pop_3,2.8554455721927003,2.096733780268261,3.6718033658500433,2.652244192335048,2.6963353129293215,2.381153497637038
686,pop_3,3.2068275236204262,3.4432598374248755,3.7514890842331967,3.1064717210213595,3.299415864145486,3.0388691466965745
687,pop_3,3.016668409303346,2.797496870891316,3.3107139328563697,2.991779469221074,4.2031023005406105,2.8415714652572
688,pop_3,2.6999829271661016,3.442217929701831,3.0622343796155653,3.3804319900289013,1.8554473659808934,2.660547757949141
689,pop_3,3.9368381464324123,3.6906197358866386,3.0714119776540976,3.6016120794096023,3.3583543212819182,2.3438825905189464
690,pop_3,2.8391006898507674,3.106895941472101,2.6490664231532497,3.621385490693815,3.8424137036637855,2.8552379973116624
691,pop_3,2.8542577296900102,3.7005869678353123,2.9473041244874976,2.7011195978205893,3.8380019491662583,3.10160561362862
692,pop_3,2.3678428487688383,3.34922034771665,3.095960285107316,3.0616184268808615,3.021889300166376,3.113739637960236
693,pop_3,2.3054298108413107,3.907545969735014,2.71767466077797,3.068522656546935,3.348366290688975,2.92052877924236
694,pop_3,2.08169255327578,3.990296675258229,3.0730183878311226,3.3299059907055972,4.625705100928654,2.8015166003415324
695,pop_3,2.12579054733363,3.3779494568954282,3.246716197244779,3.2029042682824516,3.550022140678279,2.803962852287203
696,pop_3,2.663315982533928,3.839536009060719,3.1949095271187855,2.629416510102783,3.9076212471457685,3.1071128883993007
697,pop_3,2.95782976369676,3.6314987021488383,3.752771288303325,2.7326599755664374,3.3300298543818645,3.150423079978644
698,pop_3,2.7548867017779974,3.416878485506347,3.6961287898733146,3.6340162470797037,3.835621948126438,3.3118630625409113
699,pop_3,2.8897593581686287,3.0908356412676015,3.5563245813751005,3.2523080353520473,2.9540010865134607,3.5371005785865384
700,pop_3,3.3913283446740397,3.7237350571799337,3.1659228257232144,3.4382472404745603,2.919732680858436,2.6210623379473397
701,pop_3,2.6816912004366023,3.2139902153318127,3.0035619550282187,3.6291356618219788,3.253461895906046,3.4082316995048587
702,pop_3,3.1310224006097482,4.17273831165835,3.60183272109092,3.529014377412872,3.9785071853955296,2.3688032024071504
703,pop_3,3.0974202298315254,2.734069427631482,2.853071348529339,3.8953550920427404,2.8918007720813903,3.1901888372590688
704,pop_3,2.412039452696807,3.2523592141080386,3.2424661500838043,3.84730426019108,2.902710563340792,2.604364162813125
705,pop_3,3.1847749862219876,3.4404466039244275,2.6093076329596996,2.932252979818134,3.539960639283339,2.5594709553402253
706,pop_3,2.3388208497430005,3.3323117965330367,2.862475204370524,2.995792321055317,2.792205320269763,3.216320139415506
707,pop_3,2.814637498767467,3.7416609140242274,3.8680284329054926,2.748085769640826,3.5706882249922494,2.6519535966265577
708,pop_3,2.99434331301228,3.5800509044617472,3.114154431089073,3.791071948922854,2.7437789277929934,3.4664807026019915
709,pop_3,2.790277974492728,3.2050634604228123,2.633469267808244,4.233237061597444,2.8712746724348364,2.626470804091393
710,pop_3,3.322567870584797,3.3866098861364278,3.409328054891423,3.0461280418071457,3.3053681861400634,3.420553705026998
711,pop_3,2.7546040422359006,3.5823208822442822,3.362807364765323,3.4818090004865048,3.592806330543363,3.0282525688888704
712,pop_3,3.4795644614382297,2.9178475873325724,3.7264190332985163,3.1466028625040887,2.6966675973622314,3.0479760100071625
713,pop_3,3.568811792970449,3.260344183983414,1.69801771317169,2.60495985198307,2.821226872494101,3.0240552191638566
714,pop_3,2.6908242323744616,3.2467753554921712,2.906093698803719,4.079285525169663,3.7900948500016156,3.464816977613408
715,pop_3,3.0214388749659817,4.114690832158682,3.547963876559001,2.409286807774926,2.422807335466115,2.444726506281563
716,pop_3,1.605500649308904,4.166637102224968,3.3814006637153278,3.6046762846279767,3.5675313106996085,3.4210603277647222
717,pop_3,2.9148480377068786,3.6082411490741046,2.8214379906483207,2.778397836009333,3.9609996062252533,2.6285554922718704
718,pop_3,1.9539830219245744,3.4631762813918168,3.509313469036088,3.479047038686848,4.438308091500747,3.688764325037448
719,pop_3,2.7479683988236943,2.694490825247845,3.258045470270692,2.8981031256671987,3.383566640533968,2.6373183135856055
720,pop_3,2.64867724853462,2.217694620865832,2.8342275527615675,2.7110279392574537,2.2189402239876244,2.7972523579220745
721,pop_3,2.916782124750776,3.5436975197336693,3.0855787969420336,3.3776977666320214,3.74249513810371,3.3486449137070893
722,pop_3,2.659609368274993,2.8428818545242875,3.4616955720475673,3.026839751403114,3.5482071199680854,3.503409118512891
723,pop_3,2.3561890480947896,2.906360254272855,3.189432274350282,3.132302631627722,3.7418986069900497,2.829667144892547
724,pop_3,3.3121466469943277,4.134535530608971,3.408426364019866,3.712584646789329,2.6994938723719586,3.072807464389131
725,pop_3,2.6257341434149057,3.8499601016655776,3.7140206221348753,2.8071686235538085,2.464755429354377,3.767772069264972
726,pop_3,2.108277856950266,3.0420814686310362,3.3798160109035056,2.9403089344542495,3.428367771410494,3.4591842014547254
727,pop_3,2.5281013646924873,3.053723605745616,3.3898604892376047,3.3556881196911474,2.6338830069895,2.9982455250463533
728,pop_3,1.9824280640041458,3.8753617398721385,3.000043512704619,3.761631550675348,3.6215506366925703,3.0099454406841764
729,pop_3,3.2298634258442753,2.633541223378067,3.7140875383451784,3.01365355226895,3.482230446274584,3.496332921873253
730,pop_3,2.564942693179511,2.897967595407921,3.3064720185368617,3.322726386055598,3.752696554040785,2.899694188530212
731,pop_3,2.0564531784608695,3.3987319787161,3.2162295113762025,3.196497874137475,3.237331166559262,2.970042917246122
732,pop_3,2.0675340008012277,3.4774946087190837,3.4415155732573686,2.892756282492612,3.680234890946206,3.216403616368192
733,pop_3,2.966703787466735,3.1681219449623517,2.993752844491155,3.1111759171296915,3.43730075322005,2.4922745962164146
734,pop_3,2.8050271221448058,3.374149514722905,2.6138850106687,2.923959348702971,3.6105634984672297,3.4489086292619486
735,pop_3,2.7250044018548603,3.6306940766173614,3.5999723701757786,3.6353861878083578,2.9739958798208557,2.8278597527063636
736,pop_3,2.2938281162484517,3.8947362957909193,3.47263964282758,3.623279491523139,3.604399110911229,3.259972416757088
737,pop_3,2.6793594686289723,3.591034701370361,3.1710768248508563,3.104256489380628,3.7972874192261563,2.895386801877718
738,pop_3,2.612525963928744,3.0231938426535883,3.572822925164832,3.3613024620015173,3.1412855669591147,3.393669474132858
739,pop_3,2.1768919650048844,3.5535066374042032,3.402273104803789,3.5633265980194184,3.8945653513524126,2.8651626801281647
740,pop_3,2.6212857452495046,3.60341254243725,3.5501797121604017,2.619770386326136,3.2014311984301713,2.8177193951984947
741,pop_3,2.919912919261166,3.6530011100446016,2.599139199657916,2.7830177326332133,2.8340589754600787,2.0541784927869813
742,pop_3,2.598435536200854,2.4087010363489783,3.379141326209531,3.8450624986531037,3.0341394155622288,3.534117391317447
743,pop_3,2.8506064398994697,3.299322033418888,3.4259463527469425,3.063472475613796,3.2911039184714252,2.626006379900332
744,pop_3,2.2040436225189857,3.279259046328406,3.8224301911725824,3.130659589972057,3.505269356442084,2.717454065916455
745,pop_3,2.3913249418026035,3.9713162238592568,3.6972798331633165,3.2699833270197938,3.130513326107213,2.8968138876241016
746,pop_3,3.23298182413933,3.066025964748833,3.0426394279563125,2.362070741455245,3.35301198568361,2.5352674479095767
747,pop_3,2.0628006274801005,3.280521188382241,3.5203051419790112,3.788678547210592,3.194080329060567,2.7764637928788996
748,pop_3,2.3368564049540232,3.2670953463468027,3.3309441520884215,3.648860872172701,3.3984921223323052,3.2153406482890574
749,pop_3,2.5788943416944976,3.999213625507135,2.9645831323899006,3.8661974823887895,3.1957657140598896,2.9117265784149677
750,pop_3,2.850798363195669,2.7113398924189855,2.845988908598422,3.3191110259294208,3.6311830535487144,3.4437024754993155
751,pop_3,3.08046892020117,3.6829875377959147,2.740295619045371,2.376525071463476,3.494955786723866,2.9244477792607526
752,pop_3,2.6058752652580757,2.923699365835208,3.770027531459466,3.258255040236103,3.076423155083921,2.6793748389829295
753,pop_3,3.4429550365956305,3.2652197161559733,2.6942431300193923,2.8536943210945607,2.9203318390062245,3.6511271728969286
754,pop_3,2.4864733712322495,2.9756525007643813,3.3507277067430943,3.140083104375037,3.388431541331538,3.06765173974578
755,pop_3,2.4289251340470015,3.475641586783124,3.1042255116271376,3.5016751815208274,3.3962415300585764,2.7133941089159705
756,pop_3,2.4197146495637494,3.3232611969828234,2.5262756422264814,3.3561938994099023,3.097115518712333,2.3428819684349
757,pop_3,3.0862101685275465,3.4424723089005433,3.3109765373039366,3.628442835176083,3.1509592622519214,3.0677026110771974
758,pop_3,2.9550426783449346,3.116061094127157,3.0754895784002088,3.0134703658456314,3.8928690320678134,2.754599225960412
759,pop_3,3.098067813981585,2.853613000625219,3.8180324346325927,2.9693524334083126,2.2925795775568774,3.7584604516523195
760,pop_3,3.032962717251271,2.3348570106408078,3.5904120208375545,3.471082473640825,2.943285770806115,3.265101231075381
761,pop_3,2.808548402330984,3.7325197580052114,2.643644092698982,3.5627609052042177,3.468004548730877,2.970402359472607
762,pop_3,2.6260453185261095,3.0607743413834285,2.5317800019007084,2.579154487960262,3.326003727385964,2.3371161430279477
763,pop_3,3.043023013359754,2.9012402406370095,2.8662434010549074,3.3965740304657155,3.627267715084077,2.9615910266807712
764,pop_3,3.194443359175162,3.244643677443349,2.7973349666814036,3.304706120239305,3.7927023889092326,2.8066020593020675
765,pop_3,3.433771512720534,3.5325608060111504,1.8186371465571949,3.6959500134028316,2.965402368105756,3.2006940383331925
766,pop_3,3.1666038604315476,3.521140848884498,3.4996810993325798,3.993550711463048,4.217436149893695,2.5378897929370923
767,pop_3,2.722954909447287,3.610358686265186,3.2555654576757105,2.830828600446813,2.427987610791771,2.0467626978827482
768,pop_3,2.9628760345117664,2.9822062600110826,3.579434600499842,3.142328774157929,3.6351006086602515,2.9645875946654416
769,pop_3,3.051901744171087,3.1550487962692038,3.2746337104546415,2.902488955256538,2.8678830431482263,2.260397660994011
770,pop_3,2.5121888004463133,4.214807801360139,3.5678020985743024,2.741694950951549,3.0357938324917306,2.491681840412442
771,pop_3,3.300997711072182,3.4983090763513576,3.1529751514999194,3.2686750177498958,3.976563926435018,3.6172734567350937
772,pop_3,4.019784065357471,3.8352660702237813,2.925749055425135,3.819434246551926,3.313195689452948,3.2129393962743076
773,pop_3,3.599503489178144,3.352586553258377,3.4382673621819575,2.8389099660836985,2.6852901561565985,3.597819612353795
774,pop_3,1.8346117751041942,4.059811163526514,3.106913537978607,2.4439858321205543,3.263798240114063,3.548092370753293
775,pop_3,2.9544948764349965,3.4622424029314978,3.4499173607037177,2.8441009977198566,3.2287248322285946,2.9604814279010063
776,pop_3,3.046172438926513,2.652687433882364,3.166101235597547,3.717562857600509,3.0495256075735653,3.04670433479977
777,pop_3,2.6135311277433,3.610045030122322,2.5840192908683335,3.146508288517416,3.190043861966794,2.789083619141862
778,pop_3,2.476699562965203,4.06622562414275,2.8887307736025813,3.353392003303063,3.371238046565718,2.9174544585956355
779,pop_3,3.001693917028751,3.5221574022279913,2.504625725838083,3.7755357374868166,3.1527629227052216,3.5222185366595857
780,pop_3,2.6609452340930857,3.229101136237144,3.2011376786290953,3.8337981415428866,3.4379545470059374,3.388658555632586
781,pop_3,2.3551620899855363,3.8833370294466496,3.978099426313102,3.5525401626148514,2.5705403685050556,2.9724183741934653
782,pop_3,2.962519731052965,3.773022266393677,2.9254662943825727,2.862487649444651,2.5126994737028188,2.5932752811889244
783,pop_3,2.0027963453786124,3.5044027635408965,3.672977092328565,3.8892330186561286,2.7382439009560593,2.441471215967379
784,pop_3,1.9077268046520843,3.3660061245692843,2.3865484526005063,3.5383315173728884,3.8977293126005907,3.1496540101180495
785,pop_3,2.2411452254349427,3.0415970888344757,2.3409253741126865,3.0108233836420486,3.430935839478041,2.339483885961948
786,pop_3,2.785222729913633,2.8795642600567604,3.7450115530433346,3.7513333258864465,4.036961143555226,3.5087485666522533
787,pop_3,2.8962176566590334,2.7840683604402217,2.3330116586512477,2.694805471374859,3.509602011003528,2.8643183643776893
788,pop_3,2.5120202055634224,3.731019318716354,3.2712566104991025,3.189219095091705,2.521737581548577,2.8129748248722333
789,pop_3,2.6686080983949023,3.5121155097323102,3.3252329857981224,2.473116876035356,3.9716226731716717,2.9767388483438535
790,pop_3,3.1465938101121806,3.218802706430242,3.3409937264328864,3.5954227029544272,3.6074462476331774,2.260031641630227
791,pop_3,1.872412728012172,3.3805488767882252,2.894247538606813,3.454037485262374,3.7491032972806044,2.6679664537806334
792,pop_3,3.1186309891355934,2.946229451315204,3.1009950435403497,3.2616295296015765,4.0313043611265025,2.949488546140503
793,pop_3,2.2446016107751343,3.1747273664731512,3.767871820933586,3.8126381521173234,3.4894927024594735,3.042622066541286
794,pop_3,2.6682629775490874,3.0977080861560995,3.552697881026539,3.5054150138605364,2.8883795473058558,3.0940586393659273
795,pop_3,2.5806810836028578,3.7663456541820515,3.7186963419579504,2.956901051304009,2.9995486410798113,3.2473472896422146
796,pop_3,3.227995902030075,3.306541864122989,3.6555521312767296,3.839620469145848,3.0688863931049,2.830181959608431
797,pop_3,2.3539052684225528,2.1653638307750627,3.7328227539960785,3.2467770848036666,3.5755540165830557,2.3115393375686413
798,pop_3,2.996186609706157,2.5465791906288566,3.5826425182558475,2.7994681674692017,3.2752768149763267,2.962120464571709
799,pop_3,2.589225610605391,3.224038382856628,3.448772484045849,3.688458101890465,3.034964184602453,2.6395405342692912
